number,init_month,lead,anom_corr
0,1,1,-0.023647335554121372
0,1,2,0.4554208773599312
0,1,3,0.17370214417914367
0,1,4,-0.08720677267044015
0,1,5,0.14041436236124583
0,1,6,0.04199852079276093
0,2,1,0.21225303960127717
0,2,2,0.055800299447241665
0,2,3,0.10223065080260953
0,2,4,0.07160918194092264
0,2,5,0.07646301225225788
0,2,6,-0.08787902930234068
0,3,1,0.17258932308933947
0,3,2,0.03145964077418812
0,3,3,0.0015020200096034885
0,3,4,0.14284818228031615
0,3,5,0.1293752210878187
0,3,6,0.04158931329987598
0,4,1,0.08917084979332955
0,4,2,-0.025031258075071793
0,4,3,0.11219385057415063
0,4,4,0.12842581754839444
0,4,5,0.3188086318127905
0,4,6,0.2254817780860246
0,5,1,-0.03198604776905568
0,5,2,0.21702776161018628
0,5,3,0.5598409392638833
0,5,4,0.11965306153938822
0,5,5,-0.02693443030643534
0,5,6,0.05139467971012759
0,6,1,0.2908445680335141
0,6,2,0.11781375157406164
0,6,3,0.031591053597205494
0,6,4,0.3648986120908311
0,6,5,0.3137718037105546
0,6,6,0.3005106231792003
0,7,1,0.38662533622696504
0,7,2,0.5277648824559914
0,7,3,0.11304382371348091
0,7,4,0.3251474818438189
0,7,5,-0.015790016494491955
0,7,6,0.011993168251864535
0,8,1,-0.08759559339693496
0,8,2,0.36068717309225323
0,8,3,0.24463761587437874
0,8,4,0.2822943079500599
0,8,5,0.2795213564902969
0,8,6,0.22886063330343281
0,9,1,0.42774850726663266
0,9,2,0.17100306328943823
0,9,3,0.11649618052636306
0,9,4,-0.03983647219580195
0,9,5,-0.024122566704099117
0,9,6,0.3516829754718518
0,10,1,0.14121164300943426
0,10,2,-0.06844286751562229
0,10,3,-0.08431574819441208
0,10,4,-0.028222264220145496
0,10,5,0.27330647578798306
0,10,6,0.3097621179913372
0,11,1,0.13532013374891666
0,11,2,-0.18638113050662275
0,11,3,-0.07427119781352125
0,11,4,-0.023338752538719417
0,11,5,0.11729387985007231
0,11,6,0.14127795224061518
0,12,1,0.09131540380140933
0,12,2,-0.12693023257177144
0,12,3,0.10795787762950805
0,12,4,0.08539191551726222
0,12,5,0.29225208802612385
0,12,6,0.153230004628769
1,1,1,0.21387962461929608
1,1,2,0.17163829108078732
1,1,3,-0.2486066488975201
1,1,4,-0.04318106949710757
1,1,5,0.12387340427147109
1,1,6,0.3266185521018174
1,2,1,0.120408780729766
1,2,2,0.14355932069858054
1,2,3,0.006750021873643896
1,2,4,0.059994668073016594
1,2,5,0.4108573350190301
1,2,6,0.27130893732683437
1,3,1,-0.06379554671990083
1,3,2,0.244787027463345
1,3,3,0.18952830707237733
1,3,4,-0.04796578492996635
1,3,5,-0.012224749972083492
1,3,6,0.2119562126354997
1,4,1,0.0525069683536374
1,4,2,0.3403913938888801
1,4,3,-0.10034556438246772
1,4,4,0.02503041377385316
1,4,5,0.340186658908736
1,4,6,-0.06174434063628846
1,5,1,-0.14688646426889523
1,5,2,0.16497717873635515
1,5,3,-0.08378440443695577
1,5,4,0.025564533923868663
1,5,5,0.21345441501455856
1,5,6,0.09340694509771805
1,6,1,0.45344985157890105
1,6,2,0.11395082480142849
1,6,3,0.4221084762418289
1,6,4,0.1145521515942386
1,6,5,0.004434316395505024
1,6,6,-0.18472994924303174
1,7,1,0.21979457945607173
1,7,2,0.23695023007826907
1,7,3,0.0929312591131059
1,7,4,0.10919181636048939
1,7,5,-0.4057439178129959
1,7,6,0.11152609125977729
1,8,1,0.07436233142092533
1,8,2,0.080661562485592
1,8,3,0.5111273435536369
1,8,4,0.036229879039198144
1,8,5,-0.14772610284625684
1,8,6,-0.6076771234787542
1,9,1,0.2057725755836961
1,9,2,0.1832518828205048
1,9,3,0.31786844480185567
1,9,4,-0.08912670655838889
1,9,5,0.12016085151386398
1,9,6,-0.12328289974097623
1,10,1,0.2631968526392126
1,10,2,-0.14323517032293734
1,10,3,-0.34479053697482903
1,10,4,-0.054153492440317516
1,10,5,0.34898488227894114
1,10,6,0.09245162388014883
1,11,1,0.15037809291299908
1,11,2,-0.09450944947570464
1,11,3,0.056146529395397035
1,11,4,-0.019499876246188888
1,11,5,0.05820708111390477
1,11,6,0.06277132957721104
1,12,1,0.3207815021081588
1,12,2,-0.05614810205724041
1,12,3,0.18066472440009446
1,12,4,0.2811415423129626
1,12,5,0.19382627690164936
1,12,6,0.14838866172214646
2,1,1,0.2552544504707359
2,1,2,0.04057175759528635
2,1,3,0.001603999178464776
2,1,4,0.19880718988637364
2,1,5,0.44165597970370046
2,1,6,0.5010283924635854
2,2,1,-0.014501654789928743
2,2,2,0.036961000497852406
2,2,3,0.1758432872127747
2,2,4,0.266749681086579
2,2,5,0.3115771192872138
2,2,6,0.10513165874946864
2,3,1,0.20679804877049626
2,3,2,0.11326713895915845
2,3,3,0.151237259099826
2,3,4,0.09927043021311259
2,3,5,0.028039068673139288
2,3,6,0.10788213811112309
2,4,1,0.15648634961141067
2,4,2,0.47610742177777987
2,4,3,0.37529501919654545
2,4,4,0.018727285192667205
2,4,5,0.3564161912583575
2,4,6,0.43304977916452886
2,5,1,0.23407503180666767
2,5,2,0.13810059074643827
2,5,3,0.22327703529229107
2,5,4,0.0021831848596433464
2,5,5,0.1548659341796239
2,5,6,0.06838649308100826
2,6,1,0.4868037802367304
2,6,2,0.35278608882682005
2,6,3,0.153333342276693
2,6,4,0.21863356191209568
2,6,5,0.020917965913749236
2,6,6,-0.006293601411793288
2,7,1,0.27402813859073755
2,7,2,-0.010677899781752149
2,7,3,0.1459406711192245
2,7,4,0.277809572674903
2,7,5,0.2559056744464945
2,7,6,0.27325942854322355
2,8,1,-0.014575468401972084
2,8,2,0.07929301622308124
2,8,3,0.31264459594385086
2,8,4,0.25968782860427353
2,8,5,0.0815165138254656
2,8,6,-0.006432536736142843
2,9,1,0.2323774406602433
2,9,2,0.24246557425520954
2,9,3,0.14953771960553838
2,9,4,-0.1780181504541786
2,9,5,-0.05062812728794943
2,9,6,0.23342905121905239
2,10,1,0.2597923214821382
2,10,2,0.5010028596724655
2,10,3,-0.07835384015909769
2,10,4,0.0346189231085872
2,10,5,-0.12894521146632382
2,10,6,0.17200057913042782
2,11,1,0.10754552234424011
2,11,2,-0.03689469432587549
2,11,3,0.25669470522987625
2,11,4,0.15435557116579132
2,11,5,-0.12919283770391646
2,11,6,0.12352956671067379
2,12,1,0.2669720540588064
2,12,2,0.26578048493360196
2,12,3,0.12744424434406398
2,12,4,-0.2202395746897673
2,12,5,0.06396972634561221
2,12,6,-0.07666547349659363
3,1,1,0.18131201960458984
3,1,2,-0.07085920703664321
3,1,3,-0.134804051177954
3,1,4,-0.08389969097471686
3,1,5,0.40858292771090093
3,1,6,0.1636503930562041
3,2,1,0.18239888306139868
3,2,2,-0.1594947726297669
3,2,3,0.34525150293853624
3,2,4,0.11307961123959778
3,2,5,0.3030773052268893
3,2,6,0.18977151071044474
3,3,1,0.24881033088763316
3,3,2,0.2602831095052476
3,3,3,0.29413535578703903
3,3,4,0.11458823810195574
3,3,5,-0.0891440834046795
3,3,6,0.2623541148486136
3,4,1,-0.10464958531512664
3,4,2,-0.06255885677616556
3,4,3,-0.15100006315482561
3,4,4,-0.11880457163178233
3,4,5,0.16543832017728735
3,4,6,0.4078648583329553
3,5,1,0.3291001593715593
3,5,2,0.09189147327921064
3,5,3,0.06366405215325793
3,5,4,0.06752644262940427
3,5,5,-0.0880662143861372
3,5,6,-0.07005129163334808
3,6,1,0.2980196215573474
3,6,2,0.12752069877979297
3,6,3,-0.06751637427336256
3,6,4,-0.024900330518097324
3,6,5,0.20993176354088813
3,6,6,-0.06908840668447827
3,7,1,0.34825150946107125
3,7,2,0.09732575252783873
3,7,3,0.19501023300769754
3,7,4,0.061319512597338297
3,7,5,-0.054484093579165935
3,7,6,-6.136571015708682e-05
3,8,1,0.0268120673897399
3,8,2,0.12393068736149696
3,8,3,-0.009198872036090657
3,8,4,-0.11798160975974337
3,8,5,0.24573236334402185
3,8,6,-0.029954927980364313
3,9,1,0.35153281800666375
3,9,2,-0.01388722472431195
3,9,3,0.05762216650581456
3,9,4,-0.3182124145955995
3,9,5,0.25331315427647116
3,9,6,-0.01771621528986843
3,10,1,0.03795506407842217
3,10,2,-0.026418156110811268
3,10,3,-0.0049857775530813015
3,10,4,-0.04855078176619074
3,10,5,-0.036318899243978894
3,10,6,-0.13535140863160344
3,11,1,0.14385946985206866
3,11,2,0.04329901745063581
3,11,3,-0.12642680025897152
3,11,4,0.050356897914846675
3,11,5,0.24637959813380694
3,11,6,0.16915532726867394
3,12,1,-0.11292157483231503
3,12,2,-0.11198009982687954
3,12,3,-0.0981417341101887
3,12,4,-0.13956345020347438
3,12,5,-0.07867397142703048
3,12,6,0.032987802104156985
4,1,1,0.11939056552912691
4,1,2,0.12582493224479216
4,1,3,0.04530195534675278
4,1,4,0.34133725606018933
4,1,5,-0.0439007611070618
4,1,6,0.39078816037812136
4,2,1,-0.0013079698024060875
4,2,2,-0.05989790943768774
4,2,3,-0.19462883626099375
4,2,4,0.07417921542239604
4,2,5,0.08923796554524853
4,2,6,0.05639492191768223
4,3,1,0.2504784353676367
4,3,2,0.017044782683573383
4,3,3,0.3612634273660727
4,3,4,0.33342884705277354
4,3,5,0.011684445415477463
4,3,6,0.09772261806011802
4,4,1,-0.03942578689142907
4,4,2,0.202263759267988
4,4,3,-0.03655637829723999
4,4,4,-0.02134016829475564
4,4,5,0.22817393332895372
4,4,6,-0.10071800482197622
4,5,1,-0.0021093270215631213
4,5,2,0.20446539985186613
4,5,3,0.19797308164844762
4,5,4,0.06297627091748896
4,5,5,0.0924195599528293
4,5,6,0.23008072503113192
4,6,1,0.44477143965792426
4,6,2,0.06870100397166147
4,6,3,0.30151334079336484
4,6,4,0.1252127610919948
4,6,5,0.26362599633830347
4,6,6,-0.0715973865904518
4,7,1,0.2453734335161774
4,7,2,0.2587167839986321
4,7,3,0.22333494999965514
4,7,4,0.2632708846357259
4,7,5,0.09123263074350535
4,7,6,0.0352817106787101
4,8,1,0.1874799244435055
4,8,2,-0.2871634206602013
4,8,3,0.2111240576320123
4,8,4,0.1083989637913863
4,8,5,0.0957185261097132
4,8,6,-0.053625218807006846
4,9,1,0.202156083372197
4,9,2,0.18985081265938922
4,9,3,0.3888976491860851
4,9,4,-0.06708432032979603
4,9,5,0.10388920945559539
4,9,6,-0.050731713912440586
4,10,1,-0.060180861226780326
4,10,2,0.20780333206615162
4,10,3,-0.005020738248867373
4,10,4,-0.01465107619880216
4,10,5,0.05777323649111988
4,10,6,-0.006722863120906803
4,11,1,0.05344393656604252
4,11,2,-0.15567291460221727
4,11,3,-0.0025853098035842625
4,11,4,0.21049868502189353
4,11,5,-0.1613139213491201
4,11,6,0.14988692860006328
4,12,1,-0.010639290709341446
4,12,2,0.11669528472651232
4,12,3,-0.19957446775272994
4,12,4,0.026468507204910695
4,12,5,0.06961987257836648
4,12,6,0.33341235457566526
5,1,1,0.25024999578983365
5,1,2,0.19943847497031872
5,1,3,0.1335052455699938
5,1,4,0.008071252962610976
5,1,5,0.04842206112473644
5,1,6,-0.1451625243442827
5,2,1,-0.013882890883675092
5,2,2,0.1236142831166032
5,2,3,0.007678316571925681
5,2,4,0.4800026448209812
5,2,5,0.32561271641159545
5,2,6,0.08402071304250168
5,3,1,0.10844708520667275
5,3,2,0.24484447330478765
5,3,3,0.20345387153097924
5,3,4,0.13740479390616103
5,3,5,-0.01769240401771134
5,3,6,0.34267209966745543
5,4,1,-0.05402884875740851
5,4,2,-0.014476466775661312
5,4,3,-0.1457144170059441
5,4,4,-0.34091231436007974
5,4,5,-0.028503055910642682
5,4,6,0.15968898158937425
5,5,1,-0.09252056418003511
5,5,2,0.1562738283647796
5,5,3,-0.12905656128793763
5,5,4,0.4370143081162861
5,5,5,0.07401073240697324
5,5,6,0.009354796422888337
5,6,1,0.211408684484599
5,6,2,0.10281205966974952
5,6,3,0.021504013150631218
5,6,4,-0.16669067059580006
5,6,5,0.10049772298766667
5,6,6,0.28853537298192894
5,7,1,0.21627744881913666
5,7,2,0.048945462998846063
5,7,3,-0.08196650724161923
5,7,4,0.415513184902113
5,7,5,0.20552969778859548
5,7,6,0.055115213393813714
5,8,1,-0.010740648644633751
5,8,2,0.0006893076481276877
5,8,3,-0.1532881642245464
5,8,4,-0.04939275397788093
5,8,5,0.23290949943328854
5,8,6,-0.26419474141361066
5,9,1,0.0374117710480665
5,9,2,0.450923375350059
5,9,3,0.19052473410060208
5,9,4,-0.10442498977224857
5,9,5,0.206876080039158
5,9,6,-0.03244205579318964
5,10,1,0.22520548150230416
5,10,2,0.36554268296275544
5,10,3,0.1061732014481769
5,10,4,-0.03126507386320353
5,10,5,0.19394101808512773
5,10,6,0.029842002805333244
5,11,1,0.08495749118249309
5,11,2,0.038827616522242675
5,11,3,-0.16025032283002033
5,11,4,0.4123890572928926
5,11,5,-0.011810946278484977
5,11,6,-0.14838934118673147
5,12,1,0.27145284093220434
5,12,2,-0.2234044097515698
5,12,3,0.028660921066199854
5,12,4,-0.1822134718523541
5,12,5,0.24568791133800896
5,12,6,0.2972253240442499
6,1,1,0.2748363314225579
6,1,2,0.5545037225026761
6,1,3,0.28331211570953924
6,1,4,0.3811203316183764
6,1,5,0.2428456337689851
6,1,6,-0.16756275777168878
6,2,1,0.025245519740200006
6,2,2,0.2550069713309521
6,2,3,0.17907217875047557
6,2,4,0.13890586492527754
6,2,5,0.18216462597298688
6,2,6,0.16726593558683864
6,3,1,0.20276708830320464
6,3,2,0.12616792490076748
6,3,3,0.31443904214682766
6,3,4,-0.1449011293024412
6,3,5,-0.18074626301298935
6,3,6,0.35829326580097715
6,4,1,-0.010048918195444238
6,4,2,0.20357261877599606
6,4,3,0.22343783868032063
6,4,4,0.40382975158231327
6,4,5,0.1778940599981173
6,4,6,0.03457660005305716
6,5,1,-0.012006815241754839
6,5,2,0.023274233088270948
6,5,3,0.1623532006412143
6,5,4,0.17735710614434666
6,5,5,-0.15154531814633987
6,5,6,-0.13442694408919573
6,6,1,0.44855952578066866
6,6,2,0.18371604426286384
6,6,3,0.1601032906777498
6,6,4,0.14237795523578792
6,6,5,0.29881856031315696
6,6,6,0.10249998582648799
6,7,1,0.13817422093793402
6,7,2,0.15426863430378748
6,7,3,-0.09974844132687553
6,7,4,0.028422723080295267
6,7,5,0.046069044365827254
6,7,6,0.15510702009170274
6,8,1,0.12505102594000433
6,8,2,0.0871539443921508
6,8,3,0.12641706460192714
6,8,4,0.1924649390657477
6,8,5,0.11987634998037217
6,8,6,0.2774921615308608
6,9,1,0.030540742291443195
6,9,2,0.04843308668138524
6,9,3,-0.21955459112058423
6,9,4,-0.12183700509266863
6,9,5,0.10075291740372463
6,9,6,0.23442746607489984
6,10,1,0.1680915389263328
6,10,2,0.3138446043304571
6,10,3,0.30880145229699735
6,10,4,0.1342360284016701
6,10,5,-0.15415557352904966
6,10,6,-0.00511454770095524
6,11,1,0.10865584875165459
6,11,2,0.03708847330554161
6,11,3,-0.1947453778555753
6,11,4,0.017652940066828385
6,11,5,0.24329449385702542
6,11,6,0.035115915217186544
6,12,1,0.2151898878794922
6,12,2,0.00043860384773969856
6,12,3,0.20743556678541275
6,12,4,0.03941419764425552
6,12,5,0.21611371773996793
6,12,6,0.30714024899009723
7,1,1,0.015193789279885206
7,1,2,0.14007860652285972
7,1,3,0.15088472964076105
7,1,4,0.18619148196885574
7,1,5,0.026166123904276008
7,1,6,0.37285918287546
7,2,1,-0.09658276816129145
7,2,2,0.16173507715615398
7,2,3,0.08935703730569086
7,2,4,0.05841196682993408
7,2,5,0.20295994300779371
7,2,6,-0.044739199087729456
7,3,1,0.07892086227508513
7,3,2,-0.09694971649575596
7,3,3,0.2816928092778669
7,3,4,0.3752443644126283
7,3,5,0.18045144849755815
7,3,6,0.21264366314017374
7,4,1,0.11981417253006652
7,4,2,0.2431461355256196
7,4,3,0.37672373899772077
7,4,4,0.11523803616578393
7,4,5,0.09669070685607942
7,4,6,-0.19990514581805757
7,5,1,0.11014036554993521
7,5,2,0.09737889000942532
7,5,3,-0.10194435068899382
7,5,4,0.14561383003974337
7,5,5,0.05518328083151834
7,5,6,0.306549718113509
7,6,1,0.68866455590086
7,6,2,0.18645240566019286
7,6,3,0.16713628553878657
7,6,4,-0.11612502911606984
7,6,5,-0.04060397944696975
7,6,6,0.03247498759116914
7,7,1,0.00029599533193886486
7,7,2,0.3145770499855546
7,7,3,0.24085316293698555
7,7,4,0.19841850973966746
7,7,5,0.25349910342719545
7,7,6,0.17103035678061124
7,8,1,0.0531927291635138
7,8,2,0.034297452966333346
7,8,3,0.31005411417993456
7,8,4,-0.0909692965946137
7,8,5,0.08159427870447065
7,8,6,0.12227436216437573
7,9,1,0.22016383690133848
7,9,2,0.2598907105970625
7,9,3,-0.21390331476531282
7,9,4,-0.30244581380148555
7,9,5,-0.02767055762502827
7,9,6,0.14511174995028883
7,10,1,0.23286624651993784
7,10,2,-0.1965474246962938
7,10,3,0.07221718612835115
7,10,4,-0.04028500526983918
7,10,5,-0.10862978729623979
7,10,6,-0.1425147077519642
7,11,1,0.3172328061452502
7,11,2,0.12380824410271969
7,11,3,0.17715021861897381
7,11,4,0.12094848752810672
7,11,5,0.030922106781322935
7,11,6,-0.0005716192467822865
7,12,1,0.23499071382971334
7,12,2,0.20567575868963084
7,12,3,0.17765387019665818
7,12,4,0.32018090908822083
7,12,5,-0.25351328474728857
7,12,6,0.29108558170611615
8,1,1,-0.18948780722277006
8,1,2,0.11900096852299015
8,1,3,0.06460174504269929
8,1,4,0.4318268740558032
8,1,5,0.005833766899054628
8,1,6,0.31776494660313626
8,2,1,0.28173995756023035
8,2,2,0.15176327376737747
8,2,3,-0.20235186098920163
8,2,4,0.3666889906234725
8,2,5,0.23201757258629455
8,2,6,0.08781988218608758
8,3,1,0.17987526081794822
8,3,2,0.3013098270922225
8,3,3,-0.04886516038472186
8,3,4,0.13416346639850335
8,3,5,0.19777744860535482
8,3,6,0.21943027037132173
8,4,1,0.00863988121368846
8,4,2,-0.06352585440777278
8,4,3,0.08873274806379719
8,4,4,0.11599917860449803
8,4,5,0.40666081826444966
8,4,6,0.18001903760143043
8,5,1,0.14583670191905615
8,5,2,0.28116293079235893
8,5,3,-0.023800610814876045
8,5,4,0.34860753953668516
8,5,5,0.05265144398446167
8,5,6,0.026347439803313215
8,6,1,0.37467739604857947
8,6,2,-0.07600330374629034
8,6,3,0.26125923686065927
8,6,4,0.06753803646613182
8,6,5,0.23383298076193587
8,6,6,0.2871760502945165
8,7,1,0.3871974555679639
8,7,2,0.2212003677013813
8,7,3,-0.25595971188384364
8,7,4,-0.014230149396043619
8,7,5,-0.15598835787761628
8,7,6,-0.13291993797062912
8,8,1,0.0857391143413449
8,8,2,0.26959984066892223
8,8,3,0.2088315714141948
8,8,4,0.11783332034664355
8,8,5,0.3684161101150673
8,8,6,0.03912647739202027
8,9,1,0.3017226717551825
8,9,2,0.18915928816149868
8,9,3,-0.1754541535926738
8,9,4,0.1674421209642822
8,9,5,-0.015948586450576674
8,9,6,-0.22156061886986367
8,10,1,0.17277945597957053
8,10,2,0.04045124572489454
8,10,3,0.2570659036754176
8,10,4,0.40513460635544934
8,10,5,0.15661012897421087
8,10,6,0.3234471055909548
8,11,1,-0.017129499441744193
8,11,2,0.3863483173781979
8,11,3,0.20838970863425846
8,11,4,-0.08596730731591878
8,11,5,-0.11701832377204613
8,11,6,-0.3138813912818641
8,12,1,0.04992869259910121
8,12,2,0.2831756913558051
8,12,3,0.00729914176707283
8,12,4,0.06514393619189668
8,12,5,0.03666410987413102
8,12,6,0.3048157983585641
9,1,1,0.09493719101338495
9,1,2,0.09503841253788133
9,1,3,0.24148015209552143
9,1,4,0.2819858331748836
9,1,5,0.042784183451106475
9,1,6,-0.2101600330340908
9,2,1,0.1989728663510373
9,2,2,-0.031220124512592578
9,2,3,0.2833479237407592
9,2,4,0.3445287040804426
9,2,5,0.2623769436072972
9,2,6,0.3864103214286582
9,3,1,0.007390968128044421
9,3,2,0.056868638301799286
9,3,3,0.04139653217624348
9,3,4,0.1998735345813981
9,3,5,0.2093586041457936
9,3,6,0.30322513879208873
9,4,1,0.1455417740102689
9,4,2,0.13489343565889905
9,4,3,0.02570539405741474
9,4,4,0.06739559008242338
9,4,5,0.29690263348107726
9,4,6,-0.11070198730223058
9,5,1,0.3899141092178642
9,5,2,0.29118551759791717
9,5,3,0.10947735269490423
9,5,4,0.2769255767415031
9,5,5,0.3309354228468407
9,5,6,0.21213831999185076
9,6,1,0.35552091679703224
9,6,2,0.10123730131563832
9,6,3,0.2716990740618929
9,6,4,0.1331936659008145
9,6,5,-0.07576889499174456
9,6,6,0.04099703845179843
9,7,1,0.3218231773778667
9,7,2,0.27654809167037064
9,7,3,0.005506731158796551
9,7,4,0.3271401477655652
9,7,5,-0.2857610600947481
9,7,6,-0.17630146007473005
9,8,1,0.04890454353121739
9,8,2,0.16601116362752846
9,8,3,0.030499793475417997
9,8,4,-0.2724545572384201
9,8,5,-0.07249719717646044
9,8,6,0.2395427401722556
9,9,1,0.16725602581025595
9,9,2,0.13714344771032363
9,9,3,0.21714027837451527
9,9,4,0.26253611771580837
9,9,5,0.07485401058870422
9,9,6,-0.16428396413303958
9,10,1,-0.014515555788064202
9,10,2,0.04121562333882743
9,10,3,0.08625472283590722
9,10,4,0.07970525863752566
9,10,5,0.35137904424643046
9,10,6,0.34984914876837353
9,11,1,0.20389415634113373
9,11,2,-0.26891348304958995
9,11,3,0.20324638851282834
9,11,4,0.17765726291130407
9,11,5,0.0999031377075963
9,11,6,-0.2503079547934292
9,12,1,0.158357874344186
9,12,2,0.22044745707291807
9,12,3,0.04468617482833503
9,12,4,0.14978244899801194
9,12,5,0.23303986080616645
9,12,6,0.17052404429784201
10,1,1,0.12883442528168446
10,1,2,0.02851358308453371
10,1,3,0.11399060827417558
10,1,4,-0.05285047851970519
10,1,5,0.036954054490245074
10,1,6,0.06273039745974365
10,2,1,-0.06800349905868408
10,2,2,0.21417879637857326
10,2,3,-0.08131363905944815
10,2,4,0.11045752197837949
10,2,5,0.18856824522708238
10,2,6,0.026753537457396535
10,3,1,0.22207598705943923
10,3,2,0.044676580721413665
10,3,3,0.19247833808102804
10,3,4,0.025087479532331623
10,3,5,0.11397568895574624
10,3,6,0.21650777827283707
10,4,1,0.1977640230986998
10,4,2,-0.0231684277843629
10,4,3,0.16561464709014392
10,4,4,0.05991993147097028
10,4,5,0.14558651856331523
10,4,6,0.20441533143577803
10,5,1,0.24576029016552153
10,5,2,0.03281078439206757
10,5,3,0.09678690992461371
10,5,4,-0.004385358032744561
10,5,5,0.0075881756858752055
10,5,6,0.023933052840898465
10,6,1,0.5108156248753337
10,6,2,0.3620549430001029
10,6,3,0.3411165834606503
10,6,4,-0.04989257659254099
10,6,5,0.24313204046778356
10,6,6,-0.00671621929922251
10,7,1,0.31701935515621515
10,7,2,0.1926868290923731
10,7,3,0.17787259273190173
10,7,4,0.05072734276926146
10,7,5,-0.08430654082902608
10,7,6,-0.028134186899832957
10,8,1,0.10485625282014326
10,8,2,0.12044121696153799
10,8,3,0.1203684226719403
10,8,4,0.08394648523889678
10,8,5,0.27478799123222847
10,8,6,0.020355259428134483
10,9,1,0.3822290735532992
10,9,2,0.4906665512011025
10,9,3,-0.13949570251477766
10,9,4,-0.13851393080776636
10,9,5,0.291971995005548
10,9,6,0.010721512601464051
10,10,1,0.16766315055426684
10,10,2,0.014684794073528604
10,10,3,-0.14420272561652608
10,10,4,-0.20294770020344086
10,10,5,-0.0007239821458659471
10,10,6,0.11183034516534276
10,11,1,-0.07785491403487123
10,11,2,-0.04292182657706107
10,11,3,0.05334925774023077
10,11,4,0.028433885469524276
10,11,5,0.16309231721731557
10,11,6,0.3589895118905211
10,12,1,0.2531550588267111
10,12,2,0.1668924220394862
10,12,3,-0.30385027791792085
10,12,4,0.013598371075040408
10,12,5,0.11979853290700163
10,12,6,0.05142801871991202
11,1,1,0.09769792763512275
11,1,2,0.24047720947277657
11,1,3,0.318906601407413
11,1,4,0.14336898331469033
11,1,5,0.15619944658611842
11,1,6,0.14921300654996195
11,2,1,-0.0821020610908546
11,2,2,0.014527867634154526
11,2,3,0.09336046482247601
11,2,4,0.10713741515805127
11,2,5,0.21359780356124777
11,2,6,-0.15347478700675776
11,3,1,-0.024061922656576074
11,3,2,0.34416109074657464
11,3,3,0.1702785763636284
11,3,4,0.30374198642698375
11,3,5,0.058070742951700303
11,3,6,0.2627718519448302
11,4,1,0.04239702609279034
11,4,2,0.2731222006653501
11,4,3,0.055565914693419545
11,4,4,-0.3662099154182852
11,4,5,0.09673013812014099
11,4,6,0.01997006256367562
11,5,1,-0.06989982810062217
11,5,2,-0.06235862771546993
11,5,3,-0.13042232076688348
11,5,4,0.17642987474711871
11,5,5,0.0959655477690163
11,5,6,-0.2732581771926433
11,6,1,0.20608823508197785
11,6,2,0.14194276746160953
11,6,3,0.004343032168444476
11,6,4,0.033425277244177216
11,6,5,0.0983706720706889
11,6,6,-0.140024698056434
11,7,1,0.25869166566353297
11,7,2,0.04741669452733869
11,7,3,-0.3049552006446477
11,7,4,0.1391291850308269
11,7,5,0.145097195034704
11,7,6,-0.116131248135081
11,8,1,0.1891008670623815
11,8,2,0.3698640995283081
11,8,3,0.0838062825018417
11,8,4,-0.0952086220498287
11,8,5,0.21531781002522618
11,8,6,0.12084708552104562
11,9,1,0.30688229074009005
11,9,2,0.192959266616706
11,9,3,0.34243588695999083
11,9,4,0.2904505368111055
11,9,5,-0.2653478291648471
11,9,6,-0.266724679865708
11,10,1,0.1979703741201792
11,10,2,-0.2663526782208005
11,10,3,0.1732367661016255
11,10,4,0.0542290785454108
11,10,5,0.1660302177288661
11,10,6,-0.02574600120820225
11,11,1,-0.05026541648374981
11,11,2,-0.07042554178270521
11,11,3,0.003760477025454528
11,11,4,0.2780023915334635
11,11,5,-0.12326170799309778
11,11,6,-0.16060046994202823
11,12,1,0.19325370260321556
11,12,2,0.005959017933829492
11,12,3,0.12520025871841767
11,12,4,-0.14452626082785672
11,12,5,0.17365949332340344
11,12,6,0.2589129868882868
12,1,1,0.051966461125713764
12,1,2,0.027679606394216683
12,1,3,-0.05010703403214198
12,1,4,0.14027245012981576
12,1,5,-0.04274703354328989
12,1,6,-0.17659605969795625
12,2,1,0.03513899806894816
12,2,2,-0.21073325619474825
12,2,3,0.2758394553471924
12,2,4,0.4278879969426458
12,2,5,0.256376887265
12,2,6,0.13198084389243836
12,3,1,0.2200460253902903
12,3,2,0.2709797535487771
12,3,3,0.1790831135334751
12,3,4,0.06535679657888567
12,3,5,0.12363090663355879
12,3,6,0.058525586455274614
12,4,1,0.12935786398813715
12,4,2,0.3022128425129121
12,4,3,-0.21024594786288092
12,4,4,0.06839069017186658
12,4,5,0.09748017585703098
12,4,6,-0.12996756291706316
12,5,1,0.25081829998659083
12,5,2,0.3801205370151799
12,5,3,0.1976259607555071
12,5,4,0.17850588160719016
12,5,5,-0.052725347000300384
12,5,6,0.25314125309709107
12,6,1,0.5037959803330359
12,6,2,0.19260892263038365
12,6,3,0.5187779653724738
12,6,4,-0.03667527120334722
12,6,5,0.15387792993242816
12,6,6,-0.18806595143863436
12,7,1,0.25887030571529646
12,7,2,0.30417921424318545
12,7,3,0.1314563141768208
12,7,4,0.20720841982903862
12,7,5,-0.16458727205433332
12,7,6,-0.2097068026032056
12,8,1,0.10520973072355988
12,8,2,-0.030159597194548984
12,8,3,0.2036025522792818
12,8,4,-0.1662258163301454
12,8,5,-0.25353142788111843
12,8,6,0.3505828951049209
12,9,1,0.29429500500658623
12,9,2,0.22181826377973496
12,9,3,0.32996550208864955
12,9,4,-0.1057175926685941
12,9,5,-0.04465691101947313
12,9,6,-0.11074341634593386
12,10,1,0.19980885146118313
12,10,2,0.09982333195583501
12,10,3,-0.09194287507044999
12,10,4,0.06729032846693067
12,10,5,0.2443122833641187
12,10,6,-0.0516201657513221
12,11,1,-0.053024257444929654
12,11,2,-0.14883393007981216
12,11,3,0.19535725728387107
12,11,4,0.2942394750110356
12,11,5,-0.12043944035656191
12,11,6,0.01780742287387203
12,12,1,0.37539294516508315
12,12,2,0.11757909147686871
12,12,3,0.26677573015158756
12,12,4,0.12784569437728152
12,12,5,0.22576738828727175
12,12,6,-0.21263107297179104
13,1,1,0.16443104988713594
13,1,2,0.2968756563845118
13,1,3,0.11469540817096935
13,1,4,0.25207387083369426
13,1,5,0.08804372778795996
13,1,6,0.21797201816941927
13,2,1,-0.041218277960714804
13,2,2,0.3237509613680777
13,2,3,-0.010306269118477908
13,2,4,0.12519460897981144
13,2,5,0.14575125236869188
13,2,6,-0.005752850550582363
13,3,1,0.046673608027482195
13,3,2,-0.1115367890369891
13,3,3,0.6121728409463224
13,3,4,0.25554794212631676
13,3,5,0.023879128782536042
13,3,6,0.1722968474080204
13,4,1,-0.06589603626949067
13,4,2,0.3633751738303787
13,4,3,0.2835748198361116
13,4,4,-0.06822742563556729
13,4,5,0.4430447040817095
13,4,6,0.09187483136914543
13,5,1,0.24560861063810344
13,5,2,0.22789987531498135
13,5,3,0.34013057780933903
13,5,4,0.12867658077242325
13,5,5,-0.1558275408906181
13,5,6,0.0060799192225952725
13,6,1,0.13153825148944023
13,6,2,0.09138643661294327
13,6,3,0.24923647303980004
13,6,4,0.07526052086559443
13,6,5,0.15807793902989237
13,6,6,-0.04705134462703425
13,7,1,0.28258159493574786
13,7,2,0.15853287659049406
13,7,3,0.09173370102931025
13,7,4,0.1346158818308492
13,7,5,0.15378836656597367
13,7,6,-0.23965657742405644
13,8,1,-0.007022162656170356
13,8,2,0.16426504503963635
13,8,3,0.4455040645234945
13,8,4,0.19183203952395236
13,8,5,0.08770626665271063
13,8,6,-0.015664859979882303
13,9,1,0.13474302280589776
13,9,2,0.03132143139682806
13,9,3,-0.2669940127019947
13,9,4,-0.19644895746350605
13,9,5,-0.0027434765451741184
13,9,6,-0.16547043210803689
13,10,1,0.36292879989837157
13,10,2,0.09702104196869671
13,10,3,-0.008619881105905457
13,10,4,-0.0757587288793707
13,10,5,0.1297116197279312
13,10,6,-0.18416468542173806
13,11,1,-0.12005188347420477
13,11,2,0.0008328214114469663
13,11,3,0.034081612520759155
13,11,4,-0.013216521595406006
13,11,5,0.3144684301342183
13,11,6,-0.21261587727135345
13,12,1,0.1531684405940208
13,12,2,0.12640592870256923
13,12,3,-0.03190708733007335
13,12,4,-0.20139776817267463
13,12,5,-0.11974224832385318
13,12,6,0.2989547072810814
14,1,1,0.13911172700869348
14,1,2,0.06565012910453055
14,1,3,0.2037954951293465
14,1,4,0.21463689816602172
14,1,5,-0.14423717343245596
14,1,6,0.2470257934885534
14,2,1,0.03265357929927212
14,2,2,0.06351614483126777
14,2,3,0.41462426626832505
14,2,4,0.263062538923387
14,2,5,0.1881113850778391
14,2,6,0.0005077500176276471
14,3,1,0.26585610831144213
14,3,2,0.09898512881728742
14,3,3,0.171670571491607
14,3,4,0.07382315250097922
14,3,5,-0.10470504868742737
14,3,6,0.1897722229985966
14,4,1,0.3440978618887236
14,4,2,0.35148887638194937
14,4,3,-0.041047353717246604
14,4,4,-0.03313378345597088
14,4,5,0.21420543960804245
14,4,6,0.028576836545175413
14,5,1,0.044738717234831075
14,5,2,-0.022622121301604098
14,5,3,-0.16911006298323547
14,5,4,0.18092457748648502
14,5,5,0.06974040746896198
14,5,6,0.18269020378219153
14,6,1,0.2936358384069338
14,6,2,0.3787762545918816
14,6,3,0.08005576195950875
14,6,4,0.15308289543058126
14,6,5,0.34371519193355365
14,6,6,-0.22500265731224264
14,7,1,0.3189849823904914
14,7,2,0.23165933811896258
14,7,3,-0.0693566253720395
14,7,4,0.136979188697107
14,7,5,0.2180602320541945
14,7,6,-0.04614271554505748
14,8,1,0.059126864700969485
14,8,2,-0.07013512728300082
14,8,3,0.036621983813271565
14,8,4,-0.23074601258710867
14,8,5,-0.3274312556328602
14,8,6,-0.035509072765748786
14,9,1,0.05670807282472064
14,9,2,0.25390695025788507
14,9,3,0.08845658318760131
14,9,4,-0.11851036892385358
14,9,5,-0.13186929483081003
14,9,6,-0.11959497314769073
14,10,1,-0.01990263981296128
14,10,2,-0.0013738825239184708
14,10,3,0.1580578021325406
14,10,4,0.12337303306228899
14,10,5,0.19700720760840107
14,10,6,0.35772484851944086
14,11,1,-0.007957543854504442
14,11,2,0.241630434720065
14,11,3,0.11027227480459037
14,11,4,-0.03215549373933163
14,11,5,0.20256647741367412
14,11,6,-0.0971519309227528
14,12,1,0.2485623716400582
14,12,2,0.10927394603380236
14,12,3,0.18737406111000063
14,12,4,0.067361505239953
14,12,5,0.17011792159389308
14,12,6,0.2980164718524101
15,1,1,0.3720206109743801
15,1,2,-0.13891530286031922
15,1,3,0.029665116381520425
15,1,4,0.13157931102434076
15,1,5,0.3382267445765782
15,1,6,0.3557975027824878
15,2,1,-0.21957223147858557
15,2,2,0.007520569469595588
15,2,3,0.19164861493841423
15,2,4,0.33844942172680115
15,2,5,0.1078601074970967
15,2,6,0.1295548403131775
15,3,1,0.31468405320512394
15,3,2,0.02345739181121939
15,3,3,-0.1675301209977717
15,3,4,0.356869716773849
15,3,5,0.19030535653782032
15,3,6,0.2519961563128418
15,4,1,0.10838222597360465
15,4,2,0.24726100712464338
15,4,3,0.02524713775758234
15,4,4,0.01316203564116025
15,4,5,0.2219848248167567
15,4,6,-0.11865192914620856
15,5,1,-0.04129310639627206
15,5,2,0.2509422321968224
15,5,3,-0.2943414097483884
15,5,4,0.18685165209692065
15,5,5,0.08350946803230451
15,5,6,0.08826892098400238
15,6,1,0.11969296622803802
15,6,2,0.023226719880461322
15,6,3,0.24649178423557488
15,6,4,0.025399891299455104
15,6,5,0.26407894816825833
15,6,6,-0.15559919464530844
15,7,1,0.2709433990909093
15,7,2,0.14447089303418803
15,7,3,0.17545205980202083
15,7,4,-0.0451579401646785
15,7,5,0.09724899722147363
15,7,6,-0.07706279630569889
15,8,1,-0.06540201169685377
15,8,2,0.13766509474942648
15,8,3,0.2538674250889917
15,8,4,0.14392845522653422
15,8,5,-0.04934131986998746
15,8,6,-0.021308355456807936
15,9,1,0.3375292406094502
15,9,2,0.2993671241462711
15,9,3,-0.09840227321499989
15,9,4,-0.23363649383528495
15,9,5,0.49686572347433516
15,9,6,0.21082018963175153
15,10,1,0.2120726447534665
15,10,2,0.010158372349183908
15,10,3,-0.3568895885370069
15,10,4,-0.1912791357714612
15,10,5,0.03269440005224277
15,10,6,0.052848430370149
15,11,1,0.040596223755933025
15,11,2,-0.2620579605895577
15,11,3,0.37249611390161086
15,11,4,0.0149650614317135
15,11,5,-0.3215033554986858
15,11,6,0.04489054867243358
15,12,1,0.02619939809373641
15,12,2,0.19776067263100344
15,12,3,0.06634637535099419
15,12,4,0.1920848041104905
15,12,5,0.13261258686362543
15,12,6,-0.012576961087143575
16,1,1,0.20582341580974514
16,1,2,-0.16424837130883618
16,1,3,0.04221978112881403
16,1,4,0.09459851858230241
16,1,5,0.29091453196801503
16,1,6,0.20347499114215678
16,2,1,0.03989643152990232
16,2,2,0.12877934300519442
16,2,3,0.13696905173457477
16,2,4,0.3154771509015647
16,2,5,0.1397123103253677
16,2,6,-0.041889607402461844
16,3,1,0.19274970845159994
16,3,2,0.1866972452198189
16,3,3,0.596634419546708
16,3,4,0.2009445824107069
16,3,5,0.11005776468379283
16,3,6,-0.016813731283197946
16,4,1,0.16080520675339263
16,4,2,0.3868211699500388
16,4,3,0.026813312761149805
16,4,4,-0.058238883731891136
16,4,5,0.30816595156989574
16,4,6,0.5110721432160792
16,5,1,-0.09998135835835399
16,5,2,0.03135859368560389
16,5,3,0.07871951269966303
16,5,4,0.18033419671836873
16,5,5,-0.08769365541325187
16,5,6,-0.017305770486879632
16,6,1,0.2056824840492599
16,6,2,0.03252683125412071
16,6,3,0.18911078146554847
16,6,4,0.007950901017535894
16,6,5,0.13279055956171715
16,6,6,0.09759428393561265
16,7,1,0.3491055851647303
16,7,2,0.03320777406484188
16,7,3,-0.04333384396566972
16,7,4,0.011732009446870592
16,7,5,-0.1409051309203872
16,7,6,0.05249872112324496
16,8,1,0.01694259763240901
16,8,2,0.1464320563663334
16,8,3,0.21511627297135066
16,8,4,0.007913176945276447
16,8,5,0.0152254017075655
16,8,6,-0.08441798738003206
16,9,1,0.3361974602583016
16,9,2,0.245862043629717
16,9,3,0.06636342690145143
16,9,4,-0.17362704980710167
16,9,5,0.05698204704760951
16,9,6,-0.06653769040632755
16,10,1,0.0832174512306254
16,10,2,-0.12872566410857528
16,10,3,0.06522442537379691
16,10,4,-0.1145603629354252
16,10,5,-0.016585898533108965
16,10,6,0.15702790638283015
16,11,1,0.028916915494303978
16,11,2,0.11289140245648252
16,11,3,-0.20132583007133853
16,11,4,0.02810781180429811
16,11,5,0.1956193183887717
16,11,6,-0.1830952395521929
16,12,1,0.13144326043567672
16,12,2,-0.0799512036061363
16,12,3,0.2751744889331388
16,12,4,0.2521381918472509
16,12,5,-0.13169389272230647
16,12,6,0.25479184901167007
17,1,1,0.029873327123825667
17,1,2,0.16618726949568458
17,1,3,-0.015496977906799362
17,1,4,0.039576123874716006
17,1,5,0.22298249171323223
17,1,6,0.09546076211578539
17,2,1,0.07015087701565224
17,2,2,-0.24178493947841184
17,2,3,0.05503015396913658
17,2,4,0.2617383246042819
17,2,5,0.2134066531402577
17,2,6,0.14791101638202409
17,3,1,0.22229048971785237
17,3,2,0.1052046040845665
17,3,3,0.047528105032311155
17,3,4,0.07599742479736202
17,3,5,0.20516040037197605
17,3,6,0.1748696445234253
17,4,1,0.053381140583991446
17,4,2,0.593675383086673
17,4,3,0.29744619471629524
17,4,4,0.002979842095813652
17,4,5,0.22773918648836122
17,4,6,-0.11762927022851138
17,5,1,0.06370996123102834
17,5,2,0.19996884869638706
17,5,3,0.17592012568845425
17,5,4,0.09472356452864353
17,5,5,0.005886454343805134
17,5,6,0.1543139782944387
17,6,1,0.3349368255824577
17,6,2,0.2012318476946309
17,6,3,0.41270454600227724
17,6,4,0.014760114091392463
17,6,5,0.057788473762512935
17,6,6,0.21565143154404345
17,7,1,0.40278714085284967
17,7,2,0.2426702174749016
17,7,3,-0.04697237178097944
17,7,4,-0.12570076152730203
17,7,5,0.20183805585669756
17,7,6,0.027031468780998665
17,8,1,-0.034604518654679964
17,8,2,0.18398332151900704
17,8,3,0.21922832267825434
17,8,4,-0.006179098441128075
17,8,5,0.060600594949422354
17,8,6,-0.26402805974545834
17,9,1,0.11985242108113321
17,9,2,0.08411433278572009
17,9,3,0.20949907583817484
17,9,4,0.3773468621753569
17,9,5,0.07124376164963057
17,9,6,0.19139575431267655
17,10,1,0.25869423237684913
17,10,2,0.2647229624325199
17,10,3,0.12400040628921787
17,10,4,-0.18819968557836628
17,10,5,-0.0008481426942037001
17,10,6,-0.3416227943148023
17,11,1,-0.015787284898715448
17,11,2,0.010311179244566246
17,11,3,-0.22381543286183075
17,11,4,-0.07467678375893662
17,11,5,0.007766900405296801
17,11,6,-0.1027129774001927
17,12,1,0.3596457172570139
17,12,2,-0.1513051192429642
17,12,3,-0.012497350350991632
17,12,4,-0.013441722398517616
17,12,5,-0.20640026238188236
17,12,6,0.0990789820182871
18,1,1,-0.09630738458178954
18,1,2,-0.09084629000915609
18,1,3,-0.07858901589326554
18,1,4,0.15955328942191002
18,1,5,-0.0022782130210711347
18,1,6,0.2166491060662649
18,2,1,-0.0020539371843345464
18,2,2,-0.11689330129154314
18,2,3,0.13724030673037294
18,2,4,0.26212613354666336
18,2,5,0.3774190255488465
18,2,6,-0.19162483975192487
18,3,1,0.30808836357440933
18,3,2,0.24445704638964708
18,3,3,0.22510542524122237
18,3,4,-0.14993413074572554
18,3,5,0.1718980217891674
18,3,6,0.4083350854325943
18,4,1,-0.21683303474456253
18,4,2,0.11336412286201131
18,4,3,-0.010837111236858533
18,4,4,-0.3261924826690298
18,4,5,0.03737463599084534
18,4,6,0.21801321403648938
18,5,1,0.18773049914793297
18,5,2,0.049543018419086954
18,5,3,-0.0010188374684131705
18,5,4,0.2630666099440373
18,5,5,0.34691961006073446
18,5,6,0.03946804519698645
18,6,1,0.474871934761622
18,6,2,0.24142549489005335
18,6,3,-0.1567606575968629
18,6,4,0.021107953855209124
18,6,5,0.2109988158242434
18,6,6,0.2795983519790334
18,7,1,0.2736212392412943
18,7,2,-0.21798803254982435
18,7,3,0.21811421548724944
18,7,4,-0.10263476786086252
18,7,5,0.17392872615842098
18,7,6,-0.03273359401323037
18,8,1,0.2121333087729265
18,8,2,0.0057426465488849415
18,8,3,-0.1363817941209127
18,8,4,0.006040955735788957
18,8,5,-0.04237363935041414
18,8,6,0.12064993073614269
18,9,1,0.3015119701401345
18,9,2,0.12170772932496818
18,9,3,0.24874567641882506
18,9,4,-0.0036151335931908627
18,9,5,-0.12012885585180233
18,9,6,-0.04545267461796023
18,10,1,0.2605083310943841
18,10,2,0.16884430568782283
18,10,3,-0.26586342188372225
18,10,4,0.0536308236114823
18,10,5,0.1008065599305041
18,10,6,-0.03509995872907269
18,11,1,-0.0008286218293590056
18,11,2,-0.016582372637789375
18,11,3,-0.09284152211691438
18,11,4,0.2044156141969133
18,11,5,0.3291733617012748
18,11,6,0.3535345244478974
18,12,1,-0.03464611547253848
18,12,2,0.28035168159086277
18,12,3,-0.010487330329057161
18,12,4,-0.050224164601070785
18,12,5,-0.03673939118661264
18,12,6,0.05227082940733268
19,1,1,0.24340930728295337
19,1,2,-0.04280053204731951
19,1,3,0.2026854554484014
19,1,4,0.25580329964137755
19,1,5,0.2713966041482899
19,1,6,0.03248875194708733
19,2,1,0.036920254298765366
19,2,2,0.16947152053524808
19,2,3,0.04016138495242932
19,2,4,0.020041296782439072
19,2,5,-0.16794122833287975
19,2,6,0.10281898629606731
19,3,1,0.19043113583888227
19,3,2,0.027041199728499447
19,3,3,0.036735647072990554
19,3,4,-0.012811925565651635
19,3,5,-0.12179836995796346
19,3,6,0.0835095983313599
19,4,1,0.28387041985342426
19,4,2,0.3365867722527434
19,4,3,0.2310320648696826
19,4,4,0.47712357811299966
19,4,5,0.3443293755359149
19,4,6,-0.0014024422872772775
19,5,1,0.28286843678969675
19,5,2,0.24699763086845447
19,5,3,0.03513091997389549
19,5,4,0.2650918592689512
19,5,5,0.1818818939367907
19,5,6,0.3305861105735969
19,6,1,0.2098082613421764
19,6,2,0.22601702381896238
19,6,3,0.2126045984898794
19,6,4,0.18220767654897654
19,6,5,0.33302863510656167
19,6,6,-0.22491156310250782
19,7,1,0.3244457016246579
19,7,2,0.3618654512071545
19,7,3,0.3024600950128648
19,7,4,0.37926147588304876
19,7,5,0.38690081873769044
19,7,6,-0.1453612354724268
19,8,1,0.22247315529015305
19,8,2,0.14061490257614362
19,8,3,-0.12471712663289619
19,8,4,-0.06409980837171336
19,8,5,0.027028209559632255
19,8,6,0.03151571211535201
19,9,1,0.22649473338127066
19,9,2,-0.09811636050301832
19,9,3,-0.016338788129414368
19,9,4,-0.35401217893232034
19,9,5,0.12160862811362351
19,9,6,0.08969964441035203
19,10,1,0.07430587287751948
19,10,2,0.33219061890995577
19,10,3,-0.06543828958373175
19,10,4,0.2138040246868075
19,10,5,0.15937002798024966
19,10,6,0.07135946484219974
19,11,1,0.20405053920884011
19,11,2,-0.04824705490169659
19,11,3,-0.06753408649163
19,11,4,0.1709001690580514
19,11,5,-0.24505365968088363
19,11,6,-0.04860487313905876
19,12,1,0.20529239226403984
19,12,2,0.13950380560568273
19,12,3,0.11419574263851379
19,12,4,-0.08722002801421029
19,12,5,-0.13985944073182105
19,12,6,0.12121172975105558
20,1,1,0.08368103977952522
20,1,2,0.021374685430154736
20,1,3,0.06496038613935304
20,1,4,-0.08200700734008057
20,1,5,0.10542224984192745
20,1,6,0.04059156169080694
20,2,1,0.049073205277052716
20,2,2,0.20046237115148902
20,2,3,0.14373720989396774
20,2,4,0.12411465465972998
20,2,5,0.2434021832885023
20,2,6,-0.037498153078378185
20,3,1,0.2734181088277604
20,3,2,0.11434970636315017
20,3,3,-0.005352967879215169
20,3,4,0.011966415649071745
20,3,5,-0.016901500002107668
20,3,6,-0.03530045631741457
20,4,1,0.26351510481599766
20,4,2,0.44841685241777096
20,4,3,0.45549852645228467
20,4,4,0.08285135263586683
20,4,5,0.1474986952548125
20,4,6,-0.11266422298193764
20,5,1,-0.014901142601287522
20,5,2,-0.11470584501870076
20,5,3,0.1642916163780514
20,5,4,0.31332423249949587
20,5,5,0.18906014009088415
20,5,6,-0.014584080973732275
20,6,1,0.31367649973980627
20,6,2,0.004423768405501587
20,6,3,0.2319781359124324
20,6,4,-0.260040742708461
20,6,5,0.19497631197586812
20,6,6,0.12253938439775153
20,7,1,0.24969696558547744
20,7,2,0.3826743657944073
20,7,3,-0.06033963843548817
20,7,4,0.5587654023603236
20,7,5,0.11911406618768326
20,7,6,-0.24400590348636791
20,8,1,0.20570849592440918
20,8,2,0.45412232869731084
20,8,3,0.3050038879382859
20,8,4,0.20151523168352045
20,8,5,-0.12007814189878085
20,8,6,0.1611004032466917
20,9,1,0.29185075720991666
20,9,2,0.046594811779519046
20,9,3,-0.002924086081883824
20,9,4,-0.29541789006206803
20,9,5,-0.15581997227352248
20,9,6,0.017783425763154528
20,10,1,0.1887049396469372
20,10,2,-0.0031780533431631053
20,10,3,-0.12821973487561675
20,10,4,-0.05886041937077126
20,10,5,0.21613751011181612
20,10,6,-0.09448179552329698
20,11,1,0.05190662108294116
20,11,2,-0.2989334890382748
20,11,3,0.007533419147070412
20,11,4,0.513506812036392
20,11,5,-0.14594218112297166
20,11,6,0.16120008757909232
20,12,1,0.31285624521988753
20,12,2,0.10765202177893109
20,12,3,-0.1467983018795555
20,12,4,0.190790425670676
20,12,5,0.009065616814075372
20,12,6,0.20884878047203745
21,1,1,0.21635364129908968
21,1,2,0.05667959144868319
21,1,3,0.11565760003430393
21,1,4,0.011136181002304336
21,1,5,0.16332365054718762
21,1,6,0.030033794580516908
21,2,1,-0.12861930483475845
21,2,2,-0.10185071556265374
21,2,3,0.14299534154622054
21,2,4,0.2909285753959312
21,2,5,-0.11182778175871329
21,2,6,-0.0639652266599102
21,3,1,0.09210218021264915
21,3,2,0.09820832287722374
21,3,3,0.2937617221672044
21,3,4,0.07196808615665147
21,3,5,-0.11237247502464152
21,3,6,0.12663671028725787
21,4,1,0.1351935538967881
21,4,2,0.19823069018206754
21,4,3,0.1504523765732379
21,4,4,0.028496981586125708
21,4,5,0.43502277288483304
21,4,6,0.36420226996996785
21,5,1,0.2098652090815231
21,5,2,0.3685391014193087
21,5,3,0.10382668107974624
21,5,4,0.3529184696699875
21,5,5,0.4113358298464112
21,5,6,-0.05857397524824044
21,6,1,0.3515797435887367
21,6,2,0.14497472237548173
21,6,3,0.5850173231529656
21,6,4,0.14823868023686657
21,6,5,0.1621246611388219
21,6,6,-0.10132550383147829
21,7,1,0.16184784934581878
21,7,2,-0.09468692875781723
21,7,3,0.27857051697272134
21,7,4,0.36901765244415735
21,7,5,0.07260184674087469
21,7,6,0.003913500616341077
21,8,1,0.07266604924610821
21,8,2,0.09338841572616886
21,8,3,-0.15717661798012778
21,8,4,0.0416597517862425
21,8,5,0.08199859308978272
21,8,6,-0.12049179118308412
21,9,1,0.30308159808493207
21,9,2,0.30760786607305884
21,9,3,0.031017587082521347
21,9,4,0.02605757629465828
21,9,5,0.09192532112362871
21,9,6,-0.2970018294916803
21,10,1,0.04817949942918034
21,10,2,0.035996973644168706
21,10,3,0.08695244677071776
21,10,4,-0.0758368271946565
21,10,5,0.14396282859182394
21,10,6,-0.05291995836586462
21,11,1,0.24799431958787896
21,11,2,0.045077148880632724
21,11,3,0.007735341818506033
21,11,4,0.20257731375189555
21,11,5,-0.11328208200712649
21,11,6,0.08337869203358536
21,12,1,0.4191421465568216
21,12,2,-0.15649170722313568
21,12,3,0.15623538206738818
21,12,4,0.3959399676277836
21,12,5,-0.030746397621941965
21,12,6,0.13537032582654784
22,1,1,0.19050635332972513
22,1,2,0.059045984279868194
22,1,3,0.2527846190171551
22,1,4,-0.31253887282805853
22,1,5,-0.015695340689222036
22,1,6,0.3139800574273651
22,2,1,0.05634525728977461
22,2,2,0.006371766764941774
22,2,3,0.0954307862850704
22,2,4,0.2694559795351103
22,2,5,0.04841135671881793
22,2,6,0.2436295621926568
22,3,1,0.24059232178630563
22,3,2,-0.02366392331318902
22,3,3,0.3688328482820576
22,3,4,0.19641311813923024
22,3,5,0.1350067035011885
22,3,6,0.004358509505575971
22,4,1,-0.08314919534504252
22,4,2,0.05233247917768277
22,4,3,0.25094499433992634
22,4,4,0.2150064436248956
22,4,5,0.20349160029144148
22,4,6,0.065010932696391
22,5,1,0.16154994401023942
22,5,2,0.06363521796088722
22,5,3,0.0815462430004007
22,5,4,0.09688382629853437
22,5,5,-0.14561563924931095
22,5,6,0.4630358227169785
22,6,1,0.3016668971476
22,6,2,0.08626958143900741
22,6,3,0.14532373325098777
22,6,4,0.1443934447541419
22,6,5,0.4525749165267904
22,6,6,-0.021276018484131503
22,7,1,0.1861727971879333
22,7,2,0.26479489323754185
22,7,3,0.07252117673321087
22,7,4,0.29981489990315235
22,7,5,0.028467585343137494
22,7,6,-0.07258351130684408
22,8,1,0.13463176734015975
22,8,2,-0.0101451614141222
22,8,3,0.23187557136586115
22,8,4,0.001129403404550307
22,8,5,0.022385907623932697
22,8,6,0.0355765434026029
22,9,1,0.2834695692523564
22,9,2,-0.05125607886995719
22,9,3,0.38508405531926815
22,9,4,-0.18974550372298427
22,9,5,0.28311776874124617
22,9,6,0.06641738444147369
22,10,1,0.27023741208799495
22,10,2,-0.15291208853625507
22,10,3,-0.02423511081181089
22,10,4,0.024263670449830053
22,10,5,0.01497747529206169
22,10,6,-0.18156557908189494
22,11,1,0.1575032448738482
22,11,2,-0.039347017079914136
22,11,3,0.14608873892832355
22,11,4,0.014158579279210898
22,11,5,0.1629834360665815
22,11,6,0.0954402407741427
22,12,1,0.24575435645771082
22,12,2,0.12259997133934883
22,12,3,-0.0545376921805955
22,12,4,0.357246792447324
22,12,5,-7.33083195597954e-05
22,12,6,0.05852175580925357
23,1,1,-0.007663380592326892
23,1,2,0.3103100679373658
23,1,3,-0.03796363608927904
23,1,4,-0.004413812691886188
23,1,5,0.3199696116083587
23,1,6,-0.23479425869209095
23,2,1,-0.15499881551302927
23,2,2,0.07966415045469638
23,2,3,0.09523344601214088
23,2,4,0.01458622183989554
23,2,5,-0.0317443930410766
23,2,6,0.09920647002186446
23,3,1,0.05439289964883332
23,3,2,0.2850298402792449
23,3,3,0.24969594382634097
23,3,4,0.26958326592507986
23,3,5,-0.11647923403624505
23,3,6,0.23588885605564325
23,4,1,2.3614524173277304e-05
23,4,2,0.24547195612481454
23,4,3,-0.04308178924708861
23,4,4,-0.008037851368742615
23,4,5,0.2484256458334648
23,4,6,0.20144132754914737
23,5,1,-0.032146922988668614
23,5,2,0.25228646437567354
23,5,3,0.24604001751855936
23,5,4,0.004671085095082371
23,5,5,0.08575662325121398
23,5,6,0.20718609104382943
23,6,1,0.424243102590067
23,6,2,0.2600174424260193
23,6,3,0.3322818774491359
23,6,4,0.0448682578562203
23,6,5,0.14850143361657833
23,6,6,0.058162090835018276
23,7,1,0.2580174513237515
23,7,2,0.28200498908117605
23,7,3,0.10499967702272421
23,7,4,0.21455176048269473
23,7,5,0.1605498770192493
23,7,6,0.06932918736695402
23,8,1,0.006669170039220189
23,8,2,0.07273438008510527
23,8,3,-0.03449632151950222
23,8,4,-0.18151366238576921
23,8,5,0.13313786173123843
23,8,6,0.31308159096068816
23,9,1,0.24714689921132854
23,9,2,0.19867063628800713
23,9,3,0.22665207272200708
23,9,4,0.03860400936505025
23,9,5,-0.04041858764859694
23,9,6,0.3153098440854258
23,10,1,0.07209954488819686
23,10,2,0.39728232979653294
23,10,3,0.1245355463274869
23,10,4,-0.12548948108250946
23,10,5,-0.15887099908066876
23,10,6,-0.2884410449744179
23,11,1,0.18999091941129245
23,11,2,-0.3183413755677934
23,11,3,-0.13856212360338255
23,11,4,-0.0926706496072792
23,11,5,0.07447935940420329
23,11,6,-0.11391378644992403
23,12,1,0.1564246231985818
23,12,2,-0.2273094969696153
23,12,3,0.12946040414400287
23,12,4,0.03486192917350459
23,12,5,0.13846458991638466
23,12,6,0.04803190086166988
24,1,1,0.04145307455963594
24,1,2,-0.19808457029489562
24,1,3,0.16970156269495007
24,1,4,0.2568835206977416
24,1,5,-0.08748672345771828
24,1,6,0.06702131198082995
24,2,1,0.0008983479727706773
24,2,2,-0.015887956959180126
24,2,3,0.07695610606543428
24,2,4,0.24095395927029498
24,2,5,0.20498036414517073
24,2,6,0.01025535351514759
24,3,1,0.09218595364301747
24,3,2,0.0233750176720301
24,3,3,0.2625474735241484
24,3,4,-0.26802140600388086
24,3,5,-0.04154762601794884
24,3,6,0.1351243999096126
24,4,1,0.1556805211114985
24,4,2,0.3482005641698611
24,4,3,0.24080171222339825
24,4,4,-0.06495826657113025
24,4,5,0.024711004216963123
24,4,6,0.1694753509034299
24,5,1,0.08771792098769253
24,5,2,0.20343935298402033
24,5,3,0.23973412728210583
24,5,4,0.08820971082104735
24,5,5,0.24444385217766906
24,5,6,0.15928233415322904
24,6,1,0.34089164295544394
24,6,2,0.24731139763481907
24,6,3,0.1298944881155181
24,6,4,0.23160565209612677
24,6,5,0.27292397167861626
24,6,6,0.10791820373541881
24,7,1,0.2820673216556446
24,7,2,-0.013969787257110004
24,7,3,-0.08671694598441015
24,7,4,0.08356150427013449
24,7,5,0.15148815963020026
24,7,6,-0.00838502227947718
24,8,1,-0.040093617174170884
24,8,2,0.06201829573394036
24,8,3,0.2542534174574428
24,8,4,0.35956635850823776
24,8,5,0.015448620241574755
24,8,6,0.3145218833372892
24,9,1,0.30733056702986056
24,9,2,0.2100841215834885
24,9,3,-0.19896244011970948
24,9,4,-0.2868981605783695
24,9,5,-0.19322643997033254
24,9,6,0.32256190569500925
24,10,1,0.16663656610290747
24,10,2,0.2098670771907108
24,10,3,0.09863357750091853
24,10,4,0.20375371614372986
24,10,5,0.1551352283397142
24,10,6,0.03837800964198558
24,11,1,-0.016227710629012675
24,11,2,0.17630713992605312
24,11,3,0.010336371963151025
24,11,4,0.06392518155044848
24,11,5,-0.10684587600383127
24,11,6,0.2371372244506841
24,12,1,0.2799822733173081
24,12,2,0.3008414376943275
24,12,3,0.02917048555234873
24,12,4,0.017168019708884593
24,12,5,-0.08519654113597289
24,12,6,-0.04706919237692986
25,1,1,-0.17129626943073312
25,1,2,0.4922153914614937
25,1,3,0.2334328183195159
25,1,4,0.49043443693465105
25,1,5,0.4544890842309773
25,1,6,-0.14936812121828885
25,2,1,0.38211678655475145
25,2,2,-0.07786645314207567
25,2,3,0.3041952932203853
25,2,4,-0.10718147458512614
25,2,5,-0.25426508999057545
25,2,6,0.2245164070314353
25,3,1,-0.32877657552932554
25,3,2,0.24757134910804962
25,3,3,-0.13736426381351957
25,3,4,0.06580581081506542
25,3,5,0.5686552361992139
25,3,6,-0.20430849045743946
25,4,1,-0.06766195738376542
25,4,2,-0.08219953460163272
25,4,3,0.18436669487710652
25,4,4,0.33203728048373876
25,4,5,0.04145649080362983
25,4,6,0.4759059467479739
25,5,1,0.3284587491987992
25,5,2,0.0519490666235214
25,5,3,0.48592022743796776
25,5,4,-0.41428582071906445
25,5,5,-0.4405402819354683
25,5,6,-0.23957879830369977
25,6,1,-0.29489496578503555
25,6,2,-0.07913397290533229
25,6,3,-0.035750315905663896
25,6,4,0.7509320654629028
25,6,5,-0.24707014430355628
25,6,6,0.13288515371873358
25,7,1,-0.03006481465708128
25,7,2,-0.21651566234837727
25,7,3,-0.4102494295272547
25,7,4,-0.22394545577953
25,7,5,-0.35469312676019155
25,7,6,0.2550318419895048
25,8,1,-0.021760743252268983
25,8,2,0.6424195709352306
25,8,3,-0.19314381766334404
25,8,4,-0.33936770948766776
25,8,5,0.30262866680555073
25,8,6,-0.5843272544703799
25,9,1,-0.07615776387972979
25,9,2,0.22445566963119412
25,9,3,-0.11689388844959699
25,9,4,-0.41984441645981235
25,9,5,0.6814425641498646
25,9,6,-0.05986211324905701
25,10,1,0.10241793089678784
25,10,2,0.5068370507064319
25,10,3,0.3960002910993685
25,10,4,-0.14034919294113313
25,10,5,0.8068965214284686
25,10,6,0.021780977785275078
25,11,1,-0.14593218701287214
25,11,2,-0.629505351943173
25,11,3,-0.04637120595520163
25,11,4,-0.29944554927812256
25,11,5,-0.452728422030932
25,11,6,0.31671237006052555
25,12,1,0.13512114779116738
25,12,2,0.48638942667303503
25,12,3,0.6350729411239532
25,12,4,0.48110602317060386
25,12,5,-0.22272186119307832
25,12,6,0.548361263973855
26,1,1,-0.3474153233024789
26,1,2,0.7593316115898073
26,1,3,-0.09314423738952168
26,1,4,-0.2998403709130656
26,1,5,0.4513685202916514
26,1,6,-0.20184824104945176
26,2,1,0.49417369634029223
26,2,2,-0.3204027881637398
26,2,3,0.1343483091929496
26,2,4,0.6018645779021702
26,2,5,0.5702219476248538
26,2,6,0.6048810353270825
26,3,1,-0.1988992054840239
26,3,2,-0.4751329811553117
26,3,3,-0.4164633899064071
26,3,4,-0.12901472437802242
26,3,5,0.324766408188159
26,3,6,-0.18163738734546608
26,4,1,-0.31813432083551646
26,4,2,0.31151793170511627
26,4,3,0.06338840982869959
26,4,4,0.2266667900367333
26,4,5,0.355112794544377
26,4,6,-0.02191236838733405
26,5,1,0.35959648057280835
26,5,2,-0.2811374857883368
26,5,3,0.15041533801628532
26,5,4,0.24208799017129598
26,5,5,0.4292143853004124
26,5,6,0.2089081505087188
26,6,1,-0.3994727059054869
26,6,2,-0.24502684768474134
26,6,3,0.415369519394543
26,6,4,0.6118652164670592
26,6,5,-0.03331911589668056
26,6,6,0.03385666230258948
26,7,1,-0.19803205023795553
26,7,2,-0.2963863251070987
26,7,3,-0.1647947910268287
26,7,4,0.02216374748859505
26,7,5,0.07973052979680847
26,7,6,0.6641683247159893
26,8,1,0.23128880566896015
26,8,2,-0.657300699674255
26,8,3,0.2607759624301678
26,8,4,-0.4510654526198747
26,8,5,0.5485111610782397
26,8,6,-0.402263179064528
26,9,1,0.4085715222248945
26,9,2,0.20073503899130993
26,9,3,-0.18932727683546346
26,9,4,0.1524665837744048
26,9,5,-0.056007932589023916
26,9,6,0.08253001490137672
26,10,1,0.6395038624516335
26,10,2,0.5337283517518691
26,10,3,-0.46494857683191215
26,10,4,0.3317750918214759
26,10,5,-0.006538297266770095
26,10,6,0.10384494364992553
26,11,1,-0.08907882517756557
26,11,2,-0.3457493576871813
26,11,3,0.4511882573652802
26,11,4,0.3918646582461182
26,11,5,-0.28667611572330987
26,11,6,-0.6587260496256215
26,12,1,-0.3244196534858763
26,12,2,-0.44594019861508605
26,12,3,-0.7156065068425423
26,12,4,0.4514312507263338
26,12,5,-0.37757466806824624
26,12,6,0.3677995632584165
27,1,1,-0.6458607454725269
27,1,2,-0.0787668017682314
27,1,3,0.08859044827407551
27,1,4,-0.29569438198879144
27,1,5,-0.5142785044276467
27,1,6,0.30341547642684596
27,2,1,0.29137413913190635
27,2,2,-0.5151220369723934
27,2,3,0.5546930107386441
27,2,4,-0.32532439975144345
27,2,5,-0.3084260107790269
27,2,6,-0.2433460462163936
27,3,1,-0.04228085945481945
27,3,2,-0.7540964461377218
27,3,3,-0.02662905311592378
27,3,4,0.19349630744879237
27,3,5,-0.3204708540586981
27,3,6,-0.20041002958261223
27,4,1,-0.534030778668046
27,4,2,0.31820878431804855
27,4,3,0.008351242193766541
27,4,4,0.18815380208495858
27,4,5,-0.09405505301140066
27,4,6,0.19230661584192615
27,5,1,0.5960493372244248
27,5,2,0.2596368331257537
27,5,3,0.10424903980583382
27,5,4,0.7830377277785351
27,5,5,-0.08337207840458204
27,5,6,-0.4524278622525311
27,6,1,-0.43231623919588236
27,6,2,0.06601821625031938
27,6,3,0.4579710297941982
27,6,4,0.6550442065518198
27,6,5,-0.34427475603088536
27,6,6,-0.3457723377998384
27,7,1,0.14305422674061033
27,7,2,0.9850027414619906
27,7,3,0.2547531660744414
27,7,4,-0.2715869473537061
27,7,5,0.3716638690585958
27,7,6,-0.2504577564114666
27,8,1,0.323089426314709
27,8,2,0.7215838485913801
27,8,3,-0.4183757136837748
27,8,4,0.4919770087764303
27,8,5,-0.1418999785256748
27,8,6,-0.059525331672442075
27,9,1,0.21580092121268776
27,9,2,0.5998105608022022
27,9,3,-0.5692152210931003
27,9,4,-0.01513905645422064
27,9,5,0.12888100718075426
27,9,6,-0.16260430014265104
27,10,1,0.4984190137702263
27,10,2,-0.4139543973368864
27,10,3,0.025521133325909207
27,10,4,0.1729548629237595
27,10,5,0.2502506194807484
27,10,6,0.5600536670330271
27,11,1,0.008547580434891601
27,11,2,0.5884478673137066
27,11,3,-0.005137703281277769
27,11,4,0.645070309743207
27,11,5,0.2826348628812238
27,11,6,-0.2775286059488652
27,12,1,0.3165673662022601
27,12,2,0.518595119729137
27,12,3,-0.20697152814517608
27,12,4,0.06251965373574096
27,12,5,-0.532627022916756
27,12,6,-0.26225712873788365
28,1,1,-0.05393543436318545
28,1,2,-0.07610988772047424
28,1,3,0.09543400191896308
28,1,4,0.12501595833037904
28,1,5,0.07829313422128244
28,1,6,0.39511781461259216
28,2,1,0.12351836712621786
28,2,2,-0.7411726331742657
28,2,3,-0.3590780728941047
28,2,4,-0.25743805116342877
28,2,5,0.20745742168682393
28,2,6,0.507598377694203
28,3,1,-0.4175418681959526
28,3,2,0.1961385334066252
28,3,3,0.15304648679093136
28,3,4,-0.018744990040914566
28,3,5,-0.018446131040412848
28,3,6,0.4841739987040093
28,4,1,-0.8326815827067056
28,4,2,0.21883565385290069
28,4,3,-0.2627222346053849
28,4,4,-0.05991411029512139
28,4,5,0.49954080156729025
28,4,6,0.40878252715006846
28,5,1,0.1760726949325571
28,5,2,0.09422282929286226
28,5,3,0.06335862379712433
28,5,4,0.4709513838363962
28,5,5,0.16358295831505393
28,5,6,-0.24864967358227516
28,6,1,-0.3106473779957896
28,6,2,-0.0019197317227130889
28,6,3,0.09322145137698501
28,6,4,0.10139277222197064
28,6,5,0.6044933851538233
28,6,6,-0.29135705272449797
28,7,1,-0.2067735147215611
28,7,2,0.09488275301282895
28,7,3,0.5400395574993457
28,7,4,0.1859940592016614
28,7,5,-0.5740221202974874
28,7,6,-0.7375644357189803
28,8,1,0.20973268053329622
28,8,2,0.6946221235148292
28,8,3,0.5233917891655435
28,8,4,0.01591915302630611
28,8,5,-0.0063978462958680146
28,8,6,0.326863455573811
28,9,1,0.6869116409354179
28,9,2,0.14804078023776426
28,9,3,0.12827044681097033
28,9,4,-0.00587592434394384
28,9,5,-0.34974952340193416
28,9,6,0.10554969590979743
28,10,1,0.5438825626581641
28,10,2,-0.4095686226863255
28,10,3,-0.40945180174931833
28,10,4,-0.276867259008694
28,10,5,0.5023410472092771
28,10,6,0.6567577095708931
28,11,1,-0.5227527744408063
28,11,2,0.012120145984528916
28,11,3,-0.42540338636908703
28,11,4,-0.3051327330962248
28,11,5,-0.1526599241635834
28,11,6,-0.3302891241237189
28,12,1,-0.36876089245452165
28,12,2,-0.3456519749046753
28,12,3,0.7808405184976195
28,12,4,-0.34798454567412346
28,12,5,0.18672158842632336
28,12,6,0.7340312096782097
29,1,1,-0.257782327264873
29,1,2,0.47183936198887594
29,1,3,0.35692543570419377
29,1,4,-0.003351568334470431
29,1,5,0.19037753656379192
29,1,6,-0.2029347797170097
29,2,1,0.6924826835049569
29,2,2,0.09739453145108208
29,2,3,-0.26850020025828897
29,2,4,0.021962319648151783
29,2,5,-0.676109702066787
29,2,6,0.45556767525615144
29,3,1,-0.4271294943452748
29,3,2,-0.6253141112000085
29,3,3,0.2492466277958167
29,3,4,0.8263688589899402
29,3,5,-0.06313522289020826
29,3,6,-0.6380648303223104
29,4,1,-0.05680278448827929
29,4,2,-0.01586196837381804
29,4,3,-0.40162959173823687
29,4,4,0.8182614925655245
29,4,5,-0.6060724479360858
29,4,6,0.005122180394921764
29,5,1,0.23944326552566686
29,5,2,-0.2596165844933446
29,5,3,0.7217058186052955
29,5,4,0.03399004225970473
29,5,5,0.47574616483033105
29,5,6,-0.19054073789033923
29,6,1,-0.34274926443786646
29,6,2,0.176303876305691
29,6,3,-0.22059156973498137
29,6,4,0.4071847496121448
29,6,5,0.20062124264163897
29,6,6,0.26522938735101
29,7,1,-0.27143081049353635
29,7,2,-0.4611425366109515
29,7,3,0.2557379397352794
29,7,4,-0.4154275729358378
29,7,5,0.1193033622109052
29,7,6,-0.4410893111105305
29,8,1,0.19676783671934803
29,8,2,-0.1775335320414432
29,8,3,-0.10885761253040441
29,8,4,0.1843127284511444
29,8,5,-0.39491760813422455
29,8,6,-0.03233516290819444
29,9,1,0.6156684935857685
29,9,2,-0.3282921483762127
29,9,3,-0.7025613804213091
29,9,4,-0.3421062842123615
29,9,5,0.006359041349934797
29,9,6,-0.036036421844958005
29,10,1,0.8613475958594405
29,10,2,0.284530366687578
29,10,3,-0.48265317170394784
29,10,4,0.4797070579903337
29,10,5,0.051751224600714546
29,10,6,0.15217387262671508
29,11,1,-0.8106671373835019
29,11,2,-0.5182829618034773
29,11,3,-0.15636422460100644
29,11,4,-0.2673770904937815
29,11,5,0.04128809407835697
29,11,6,-0.13239495418521952
29,12,1,0.04017229951629591
29,12,2,-0.00705125980221731
29,12,3,-0.25115683457553367
29,12,4,-0.4285825189900911
29,12,5,0.05915375728544578
29,12,6,-0.23666938558078204
30,1,1,-0.21969255310795124
30,1,2,-0.3587249960890029
30,1,3,-0.2162211842167263
30,1,4,-0.27885640919076937
30,1,5,-0.3243153819152729
30,1,6,0.23344459704343784
30,2,1,-0.0005469993562266155
30,2,2,0.4746116346932508
30,2,3,-0.48900136926873394
30,2,4,0.2045208167022956
30,2,5,-0.16939918435246112
30,2,6,-0.35450669839065674
30,3,1,0.06069136615642397
30,3,2,-0.4368158994926762
30,3,3,0.2549660649215201
30,3,4,-0.08162216969620191
30,3,5,0.36653503189459297
30,3,6,-0.11671582292462217
30,4,1,-0.11924253212645657
30,4,2,-0.24850077643364576
30,4,3,0.9235714699653702
30,4,4,0.4088316941723826
30,4,5,0.410622789472498
30,4,6,0.6208897650249604
30,5,1,-0.0438602851731272
30,5,2,-0.0769133396676416
30,5,3,0.2987851489204241
30,5,4,0.6242953091463769
30,5,5,0.24700176664860543
30,5,6,-0.01821588111263624
30,6,1,0.2155309109938645
30,6,2,0.5319788613358237
30,6,3,-0.5648278579497414
30,6,4,-0.1787942593778103
30,6,5,0.4475807396253804
30,6,6,0.48991833886763314
30,7,1,0.5629494878401736
30,7,2,0.01616569064674568
30,7,3,0.24755046931589514
30,7,4,0.3830573582223243
30,7,5,-0.4029986782915508
30,7,6,-0.19683176564642335
30,8,1,0.10327411610062698
30,8,2,-0.39914362728569264
30,8,3,0.5979124484040386
30,8,4,-0.402135621245865
30,8,5,0.8230807393082905
30,8,6,-0.17733958204749234
30,9,1,0.41566877975355365
30,9,2,-0.31447537264306624
30,9,3,-0.007160450990386249
30,9,4,-0.4614614738935284
30,9,5,0.2700351293120072
30,9,6,0.2971173047379582
30,10,1,0.5214726586287477
30,10,2,-0.32480176600410143
30,10,3,-0.25812023914723936
30,10,4,0.3385780175441534
30,10,5,-0.027481266278209366
30,10,6,0.6163315256316757
30,11,1,-0.6137799225822205
30,11,2,-0.24631910923297218
30,11,3,-0.42237311009881334
30,11,4,0.8083689985475757
30,11,5,0.16653475010145802
30,11,6,-0.34980366577556476
30,12,1,-0.22782307075831099
30,12,2,-0.29874874384056277
30,12,3,-0.0067481452784371905
30,12,4,0.014237271665077916
30,12,5,0.35038147145921006
30,12,6,-0.42921628660686256
31,1,1,-0.027390641781510565
31,1,2,0.08582034796038158
31,1,3,-0.36180534918189083
31,1,4,0.4443581215529071
31,1,5,0.7434384421789086
31,1,6,-0.2173738668531481
31,2,1,-0.08359494933428342
31,2,2,-0.2890774138049339
31,2,3,0.5673699269833458
31,2,4,0.5445514020544671
31,2,5,0.2662045157310338
31,2,6,0.804397444948862
31,3,1,-0.4328714574571941
31,3,2,0.5457429717048927
31,3,3,0.3465061016126581
31,3,4,-0.030835493565196156
31,3,5,0.771924170387087
31,3,6,0.357317249145093
31,4,1,0.33575780193332505
31,4,2,-0.10667299255241364
31,4,3,0.0350686560399655
31,4,4,0.226742370169444
31,4,5,-0.005943067359949822
31,4,6,0.2600539202000433
31,5,1,0.9177805158221131
31,5,2,0.24164538559930634
31,5,3,0.4218862156377197
31,5,4,0.1167188961884129
31,5,5,0.6247135127195746
31,5,6,0.6535131863297906
31,6,1,0.3635838106718905
31,6,2,0.28379873491258717
31,6,3,-0.6622962548448758
31,6,4,-0.4044184312769514
31,6,5,0.8015996989710276
31,6,6,-0.2811548334818885
31,7,1,0.00509703641324753
31,7,2,-0.22720364687986866
31,7,3,0.1157392293864332
31,7,4,0.17311779748389852
31,7,5,0.6228015664081863
31,7,6,0.6252187708978667
31,8,1,0.1267515586442742
31,8,2,0.47961987310470683
31,8,3,-0.01554604261859997
31,8,4,0.3245830921389518
31,8,5,0.423992585440464
31,8,6,0.15142081015043438
31,9,1,0.4914051245243283
31,9,2,0.28960496012630205
31,9,3,-0.262362474203736
31,9,4,0.20463686661636885
31,9,5,0.38871550152764417
31,9,6,0.20957278255125905
31,10,1,0.3213949857291079
31,10,2,0.08148184445015227
31,10,3,-0.8347477038153357
31,10,4,0.3169643583210285
31,10,5,0.26718510290572783
31,10,6,0.25375030816620786
31,11,1,-0.7015283126246606
31,11,2,-0.3826103690598229
31,11,3,0.4503366531804258
31,11,4,-0.15624983757609137
31,11,5,0.557107521150135
31,11,6,0.3287611133996251
31,12,1,0.24713089747325076
31,12,2,-0.27190937925582936
31,12,3,0.6969071661886517
31,12,4,0.0392985250617759
31,12,5,-0.7013790939278002
31,12,6,0.20277926162634627
32,1,1,-0.6126415950776424
32,1,2,-0.2940586179498033
32,1,3,-0.3109371312871534
32,1,4,0.41987452789184243
32,1,5,0.0018088315164609587
32,1,6,-0.6292889136490335
32,2,1,-0.07212810204336045
32,2,2,-0.23016824695332314
32,2,3,0.6489659574913196
32,2,4,-0.10468477142256677
32,2,5,0.1648975734291046
32,2,6,-0.19462198452227403
32,3,1,-0.23542143724127493
32,3,2,-0.015341026832663033
32,3,3,0.16193859764107912
32,3,4,0.19851710705291956
32,3,5,0.7018004484753836
32,3,6,0.09553736758739341
32,4,1,-0.11584477791607412
32,4,2,-0.5347577498660049
32,4,3,-0.3190084895887532
32,4,4,0.5982640816435099
32,4,5,0.20606661768462162
32,4,6,0.44606465692700475
32,5,1,0.7239205069105666
32,5,2,-0.24596210473418112
32,5,3,-0.44091332564764724
32,5,4,-0.07733085645509453
32,5,5,0.645820382868231
32,5,6,0.6332271841856105
32,6,1,-0.2513437887175092
32,6,2,0.7731880103612596
32,6,3,-0.17506711584004434
32,6,4,0.4540357995360291
32,6,5,-0.12247295263488929
32,6,6,-0.7169912598783996
32,7,1,0.20149306256862373
32,7,2,-0.022647441707353607
32,7,3,0.33739839647315106
32,7,4,-0.13485461456053724
32,7,5,-0.19703836988260498
32,7,6,-0.24285133803804942
32,8,1,0.25329443250295813
32,8,2,0.7218459615585494
32,8,3,0.747433565257626
32,8,4,-0.11688292591283592
32,8,5,0.1484502520230058
32,8,6,0.5525381702726102
32,9,1,0.3043666163235282
32,9,2,-0.7726310951541129
32,9,3,0.36849575773138993
32,9,4,-0.4644937557239292
32,9,5,0.5333867400499954
32,9,6,0.7394523739501729
32,10,1,0.08796172141817486
32,10,2,0.307435438363071
32,10,3,-0.4776574437030623
32,10,4,0.6883655147972289
32,10,5,0.4902388514505522
32,10,6,0.4199706171395517
32,11,1,0.15072650859848252
32,11,2,-0.37193051424084583
32,11,3,-0.12527088933408145
32,11,4,0.28171000518068895
32,11,5,-0.18125532267696798
32,11,6,0.06439000512142116
32,12,1,0.7299694955711143
32,12,2,0.09537740000865766
32,12,3,-0.18138955040129406
32,12,4,0.13258884887819405
32,12,5,-0.22861387280922618
32,12,6,-0.2671553285554235
33,1,1,-0.7487950633519783
33,1,2,0.4937359983062103
33,1,3,0.022176061008569
33,1,4,-0.6570524216103835
33,1,5,-0.17282900078400057
33,1,6,0.1277499793265074
33,2,1,-0.007974882027820996
33,2,2,-0.4410077368040445
33,2,3,-0.24440749650648497
33,2,4,0.5705291056592725
33,2,5,0.33720102929239615
33,2,6,0.5468898573228657
33,3,1,-0.6298863717637192
33,3,2,0.30778217687735515
33,3,3,0.6808141481675569
33,3,4,-0.15834284167533363
33,3,5,0.5179002156622319
33,3,6,0.6859420313808469
33,4,1,-0.18496663495589707
33,4,2,-0.9333569836776627
33,4,3,-0.44734268680635625
33,4,4,0.5194159598495024
33,4,5,0.32149824273616356
33,4,6,0.38014953110775823
33,5,1,0.5823761698850848
33,5,2,0.3409783344904756
33,5,3,0.3533117651055254
33,5,4,-0.3606955410960211
33,5,5,0.34662636877512804
33,5,6,-0.3031042565937387
33,6,1,0.04880411026699025
33,6,2,0.482076703607875
33,6,3,-0.5096491092958082
33,6,4,-0.08469151532338158
33,6,5,0.3506900723483668
33,6,6,-0.09249387789716965
33,7,1,0.2888571289789557
33,7,2,-0.3798865441215286
33,7,3,0.26220823357581197
33,7,4,0.5281459688037919
33,7,5,-0.626261528563243
33,7,6,-0.5380928145183743
33,8,1,0.31296702613399685
33,8,2,0.4893988636428673
33,8,3,0.4545422268385201
33,8,4,0.16895643979965047
33,8,5,-0.18486158657485535
33,8,6,0.5250599826008043
33,9,1,0.08031056042654963
33,9,2,-0.08524717881727187
33,9,3,0.1644244710040005
33,9,4,-0.1508327511058754
33,9,5,0.3414602674506901
33,9,6,0.1434207679703563
33,10,1,0.4459679826044703
33,10,2,0.46573902295712627
33,10,3,0.467210985956325
33,10,4,-0.8161148552817531
33,10,5,-0.4197263122592085
33,10,6,0.8358238649138019
33,11,1,-0.22268252337665675
33,11,2,0.5872418117268621
33,11,3,0.5166506059609894
33,11,4,0.046004560198644996
33,11,5,-0.20232339615593534
33,11,6,0.32636944714438115
33,12,1,-0.1828241191888893
33,12,2,0.09574044502457013
33,12,3,0.9468208357294722
33,12,4,0.20050737023106274
33,12,5,-0.7708124513497312
33,12,6,0.23473403242810523
34,1,1,-0.04359954624926129
34,1,2,0.31362594770310026
34,1,3,-0.3053974432639511
34,1,4,-0.4529604224628837
34,1,5,0.329360605983068
34,1,6,-0.27173212029666743
34,2,1,0.4842696138234393
34,2,2,0.3783256323481445
34,2,3,0.46924280595038254
34,2,4,0.8182623444177106
34,2,5,-0.05524575174047099
34,2,6,-0.8576224427989575
34,3,1,0.0918239695421558
34,3,2,-0.678368961249543
34,3,3,-0.19399831263842754
34,3,4,0.070378304400158
34,3,5,0.42399311542047924
34,3,6,0.08767584651190886
34,4,1,-0.7086897888652558
34,4,2,-0.5273289729746464
34,4,3,-0.6161682285230695
34,4,4,-0.3316497578917106
34,4,5,-0.1695716007120929
34,4,6,0.38028771114054943
34,5,1,0.7932064089948324
34,5,2,-0.309667868276133
34,5,3,0.32044673638531546
34,5,4,-0.13619645068185096
34,5,5,-0.37706290760348615
34,5,6,-0.11110031778849573
34,6,1,-0.35014674841295446
34,6,2,0.5532152807702566
34,6,3,0.08971590416490036
34,6,4,-0.02675920264229926
34,6,5,0.7816610872896124
34,6,6,-0.6472290124308557
34,7,1,0.15238402610130614
34,7,2,0.5014270089786435
34,7,3,0.6383551971389854
34,7,4,0.2648098670301756
34,7,5,0.09302589009207252
34,7,6,0.28471320381993226
34,8,1,-0.26413727475369786
34,8,2,-0.34299406384867087
34,8,3,-0.2842854235979618
34,8,4,-0.24470098652089328
34,8,5,-0.2699186236825847
34,8,6,0.15162120997714007
34,9,1,0.34211008222555095
34,9,2,0.5123116923155852
34,9,3,0.01743797218596149
34,9,4,0.09950113624571771
34,9,5,-0.002817560858187393
34,9,6,0.06323166703369144
34,10,1,0.5102614839940094
34,10,2,0.4536422931570358
34,10,3,0.246357769784781
34,10,4,-0.33733618727599707
34,10,5,0.11332123955345727
34,10,6,0.4502215203809446
34,11,1,0.052935749560029416
34,11,2,-0.18879014169874603
34,11,3,-0.14329716479216692
34,11,4,0.14777955495068604
34,11,5,0.23318701432677633
34,11,6,-0.3377048749072685
34,12,1,0.0397137946949312
34,12,2,-0.5252201428582515
34,12,3,0.3130733657692632
34,12,4,0.6179180269136001
34,12,5,-0.29376596864661375
34,12,6,-0.23212036426865718
35,1,1,-0.6193622666449718
35,1,2,-0.17620057184658441
35,1,3,0.19297923803188732
35,1,4,0.1851523161703591
35,1,5,0.16818821454668864
35,1,6,0.3604817945830136
35,2,1,-0.17846948808737648
35,2,2,-0.16639120160251844
35,2,3,-0.12851068767332097
35,2,4,0.5812322187624728
35,2,5,-0.8405742541466275
35,2,6,0.14959242785541174
35,3,1,-0.18573668551524974
35,3,2,-0.3638148198323331
35,3,3,-0.2454085163669177
35,3,4,0.03296823621311242
35,3,5,0.5828072440837723
35,3,6,0.2688566992526932
35,4,1,0.18827874361867614
35,4,2,0.19808673724646547
35,4,3,-0.24250609714227975
35,4,4,0.3412971984035391
35,4,5,0.13062593804222447
35,4,6,-0.2520781684268251
35,5,1,0.8864387448486043
35,5,2,-0.31089604126824616
35,5,3,0.34311304943213383
35,5,4,0.35823535776325716
35,5,5,0.2846099986090247
35,5,6,0.29741448743786153
35,6,1,-0.15198844916952725
35,6,2,-0.19656231507574837
35,6,3,0.09620687174910729
35,6,4,0.6432736611090966
35,6,5,0.08867085697438847
35,6,6,0.5490616469987734
35,7,1,-0.3454099203460829
35,7,2,0.027084255130492747
35,7,3,0.16256488267609093
35,7,4,-0.3324547227030978
35,7,5,0.17768701641838563
35,7,6,0.17229250176683986
35,8,1,0.5958971803016312
35,8,2,0.07291871967531818
35,8,3,0.20063263348095575
35,8,4,-0.03407513718591055
35,8,5,0.39107897946472686
35,8,6,-0.2974979373719409
35,9,1,0.7524150990192422
35,9,2,0.4302150870748982
35,9,3,-0.23096511192986144
35,9,4,-0.48100503152849616
35,9,5,-0.6059430649000027
35,9,6,0.5708667764377019
35,10,1,0.8621506200189853
35,10,2,-0.5480082615821059
35,10,3,-0.6425831595799292
35,10,4,0.4677977098797379
35,10,5,-0.2807055665545658
35,10,6,0.5796436058834086
35,11,1,0.6392197298091546
35,11,2,0.7110542101315698
35,11,3,-0.031170769607422606
35,11,4,0.08619074082849536
35,11,5,-0.18887814973081168
35,11,6,-0.12526064557448083
35,12,1,0.2361913771322041
35,12,2,-0.5563395345578336
35,12,3,0.5506764721985892
35,12,4,0.34064163021234134
35,12,5,-0.2889099343933547
35,12,6,0.672983718822369
36,1,1,-0.7164699514553102
36,1,2,-0.42504000494287614
36,1,3,0.49418648555376027
36,1,4,0.6541154386661767
36,1,5,0.21417131434666403
36,1,6,-0.20486036458413354
36,2,1,0.6797224241394532
36,2,2,-0.29319565536486925
36,2,3,-0.12899547810801143
36,2,4,0.03282963398988227
36,2,5,0.23738891961220004
36,2,6,0.1832796382262026
36,3,1,-0.34709641627689786
36,3,2,0.19684837071267047
36,3,3,0.7312308274797169
36,3,4,0.3483060667362446
36,3,5,0.41176406892545475
36,3,6,0.4984425670887604
36,4,1,0.25141409103178214
36,4,2,0.024520353990828806
36,4,3,-0.5553306373204047
36,4,4,0.7213613639755221
36,4,5,0.6420701008943646
36,4,6,0.39579181995444124
36,5,1,0.6956802383661919
36,5,2,0.17739995440140355
36,5,3,0.25223774063639953
36,5,4,-0.1776239370679683
36,5,5,-0.008261180550692445
36,5,6,-0.3989955583701827
36,6,1,-0.05184809964490786
36,6,2,0.4539619290097057
36,6,3,-0.2537520066328425
36,6,4,0.24549218163313355
36,6,5,0.6041973454070649
36,6,6,0.4673817828675096
36,7,1,0.11215022899769887
36,7,2,-0.4924961136104071
36,7,3,0.44193224647274126
36,7,4,0.400240489906812
36,7,5,-0.1856891169427418
36,7,6,-0.276932095155336
36,8,1,0.40024591591263325
36,8,2,-0.0040866083623116965
36,8,3,0.8389298139139036
36,8,4,0.5090060135011729
36,8,5,-0.25315007675833756
36,8,6,-0.13555484246797964
36,9,1,0.6395034857602067
36,9,2,0.09458847162613362
36,9,3,-0.5236085493305801
36,9,4,-0.3435523082748294
36,9,5,0.24884801838806583
36,9,6,0.5605079744298572
36,10,1,0.13730815351413828
36,10,2,0.014246078220194181
36,10,3,-0.2737599639356133
36,10,4,0.5425383251172305
36,10,5,0.633947943310132
36,10,6,0.34769779289449115
36,11,1,0.03400463468428045
36,11,2,0.30735684467127977
36,11,3,0.11170900641807127
36,11,4,-0.1951735142956027
36,11,5,-0.17095135318167604
36,11,6,-0.7642709025990263
36,12,1,-0.10027811288681013
36,12,2,0.6524535985786207
36,12,3,0.1882853590321027
36,12,4,0.5201515560454273
36,12,5,-0.06376719880632892
36,12,6,0.27248670788675844
37,1,1,-0.5576389560630821
37,1,2,0.44381962932027746
37,1,3,-0.7478581280154917
37,1,4,-0.2753938204509152
37,1,5,0.2594970432219128
37,1,6,-0.03366907826104291
37,2,1,0.2383320544801746
37,2,2,-0.12511821984320962
37,2,3,-0.4366742920731713
37,2,4,-0.14449053217762284
37,2,5,0.4030048736318012
37,2,6,0.08490008047491589
37,3,1,-0.3647199881021657
37,3,2,0.17163170001817804
37,3,3,0.48901727323341965
37,3,4,0.46398588635391186
37,3,5,0.6848445333004862
37,3,6,-0.4359925555412002
37,4,1,-0.4303660098496381
37,4,2,0.5826342463601407
37,4,3,0.29150841867791916
37,4,4,0.346299915657637
37,4,5,-0.18773751243390188
37,4,6,0.3036491135880621
37,5,1,0.1409440797231695
37,5,2,-0.33350845070054325
37,5,3,0.39265784926191755
37,5,4,0.039542060291129576
37,5,5,-0.6558211413303883
37,5,6,0.19476754809422447
37,6,1,-0.22869948511512916
37,6,2,-0.04378771975811942
37,6,3,-0.24681284687830887
37,6,4,0.46653451146056923
37,6,5,0.2059074230693755
37,6,6,0.12949887315960099
37,7,1,0.5138659921856005
37,7,2,0.07403169465290033
37,7,3,0.5802091727689225
37,7,4,-0.27042287305519097
37,7,5,0.5748651267976913
37,7,6,-0.5911007074319568
37,8,1,0.19894776221253516
37,8,2,-0.051214998070264514
37,8,3,-0.5095000552566684
37,8,4,-0.06367001325078994
37,8,5,-0.09871050749784965
37,8,6,-0.40111454387623824
37,9,1,-0.3432516303146777
37,9,2,0.3800979058044066
37,9,3,-0.6957106029557603
37,9,4,-0.28057585153011005
37,9,5,0.18489418379886735
37,9,6,0.06917781347649309
37,10,1,0.6404838002639883
37,10,2,-0.66136104859575
37,10,3,-0.5785150540907571
37,10,4,-0.06514599196609572
37,10,5,0.14987567331380702
37,10,6,0.1820774753139464
37,11,1,0.2398584128336352
37,11,2,-0.16670030882648906
37,11,3,0.3776204075494587
37,11,4,0.33370446673162385
37,11,5,-0.21355395007880357
37,11,6,-0.3732635634911264
37,12,1,-0.1433015067973993
37,12,2,-0.3808476024780958
37,12,3,0.04825993958269445
37,12,4,0.05733498322970157
37,12,5,0.1334966969150563
37,12,6,-0.44518040868679365
38,1,1,-0.7254112736655693
38,1,2,-0.41561889400749946
38,1,3,-0.6215866556203669
38,1,4,-0.03267148179490346
38,1,5,-0.03879649668339971
38,1,6,-0.19776267544365794
38,2,1,-0.4625320911241348
38,2,2,0.04416086495921849
38,2,3,-0.6701760268104925
38,2,4,-0.5718249648236535
38,2,5,-0.0268688219643971
38,2,6,0.1489243062819997
38,3,1,-0.4698833937454648
38,3,2,-0.046758677052339596
38,3,3,-0.18654379877169006
38,3,4,-0.46673211293178646
38,3,5,0.5772985995112282
38,3,6,0.49536401193239743
38,4,1,0.2936529233379921
38,4,2,0.3448989932213933
38,4,3,0.17606026836506758
38,4,4,0.4030461379586336
38,4,5,-0.4799487017534854
38,4,6,0.3535478723998844
38,5,1,0.8830583797946631
38,5,2,-0.07841039218906797
38,5,3,0.438650906800999
38,5,4,0.11483170738641561
38,5,5,-0.11271639050512751
38,5,6,0.2114131639546935
38,6,1,-0.07231389089819185
38,6,2,0.18282074089791683
38,6,3,-0.3248342794257586
38,6,4,0.055921484882434355
38,6,5,-0.04958855547936391
38,6,6,-0.17657957151076129
38,7,1,0.19860219484687577
38,7,2,0.5921833232785205
38,7,3,0.8068372786433097
38,7,4,-0.13678033990261068
38,7,5,-0.2985255297780405
38,7,6,-0.15686459349252432
38,8,1,0.3633123207820605
38,8,2,0.5328715323735949
38,8,3,-0.4580905325235086
38,8,4,0.40114094339325496
38,8,5,-0.36049859739985424
38,8,6,-0.2801822737217136
38,9,1,0.18394520784998586
38,9,2,0.515620330857965
38,9,3,-0.11032825593769657
38,9,4,-0.45915905979468186
38,9,5,0.31111989122120226
38,9,6,0.3683390827276738
38,10,1,0.5581430374619709
38,10,2,0.2568607597229647
38,10,3,-0.38128900325454124
38,10,4,0.5705212096514167
38,10,5,0.12076888187486619
38,10,6,0.43438886748546696
38,11,1,-0.31741612172624817
38,11,2,-0.19296988294288817
38,11,3,-0.48152152521453956
38,11,4,0.6395393486160578
38,11,5,0.25201322442399576
38,11,6,-0.18480400924641407
38,12,1,0.6512812328212907
38,12,2,-0.21026029276075556
38,12,3,-0.6276065346357179
38,12,4,-0.4793192267225146
38,12,5,0.6184790038908655
38,12,6,0.18728034736165008
39,1,1,0.06424360158012946
39,1,2,-0.12429736844963385
39,1,3,-0.47464897895560754
39,1,4,0.12925201043374027
39,1,5,0.20618290324758443
39,1,6,-0.09187519553305765
39,2,1,0.342251544688768
39,2,2,-0.6490961980146506
39,2,3,0.23814720889583407
39,2,4,0.3858896595922661
39,2,5,0.2621366871003281
39,2,6,-0.34897159056477167
39,3,1,-0.3466463112722028
39,3,2,-0.14222670981739444
39,3,3,0.052370404903327776
39,3,4,-0.44452831403373294
39,3,5,0.8723989279223845
39,3,6,-0.1358310444378847
39,4,1,0.20073458159763977
39,4,2,-0.013255136123791617
39,4,3,-0.18532814800156355
39,4,4,0.1255335382686134
39,4,5,-0.7242738399892954
39,4,6,-0.5547567668096394
39,5,1,0.6554536578648092
39,5,2,0.5110700370912252
39,5,3,0.3711981637212078
39,5,4,-0.24606235626650674
39,5,5,0.29298028668335985
39,5,6,0.023085571462558494
39,6,1,-0.11274752581277747
39,6,2,0.07425407817256138
39,6,3,-0.21442896736166733
39,6,4,0.1841847345866583
39,6,5,0.7199743877438787
39,6,6,-0.46001513607706757
39,7,1,0.24916404942033837
39,7,2,0.21752620135733983
39,7,3,0.11287348569862131
39,7,4,0.3721368180253984
39,7,5,-0.4916260746818309
39,7,6,0.22698917452201448
39,8,1,0.5631431276451737
39,8,2,0.7523485919840812
39,8,3,0.28220872032860317
39,8,4,-0.11198640913398454
39,8,5,-0.2352175338522806
39,8,6,-0.02569681089616572
39,9,1,0.6480501915473325
39,9,2,0.6736398054354211
39,9,3,0.15142325445973426
39,9,4,0.7251968525159604
39,9,5,0.12916814154633482
39,9,6,0.7866520485828298
39,10,1,0.5949403585502546
39,10,2,0.23044041510213673
39,10,3,-0.02758187952137088
39,10,4,-0.164102703319759
39,10,5,0.2379574338378757
39,10,6,0.5857819964084616
39,11,1,0.38171921398948505
39,11,2,0.20370510563718186
39,11,3,0.19504379592868581
39,11,4,0.2614910500335639
39,11,5,-0.14433573559611387
39,11,6,-0.30538813364321193
39,12,1,-0.10396092460940025
39,12,2,-0.06868481754401015
39,12,3,0.27462873357292583
39,12,4,-0.30885087638742703
39,12,5,0.08324081418333613
39,12,6,-0.4227108284382886
40,1,1,-0.4976385970657243
40,1,2,0.15721044457782557
40,1,3,0.14219288659483015
40,1,4,0.552949126666027
40,1,5,-0.1717348131111339
40,1,6,-0.02060809003991477
40,2,1,0.31390041160467685
40,2,2,-0.23197928817761937
40,2,3,0.4657856051414748
40,2,4,0.5033239714470514
40,2,5,-0.320627791746523
40,2,6,0.16923645430656717
40,3,1,0.06281613057792544
40,3,2,0.3670272699894071
40,3,3,-0.02467822740795902
40,3,4,0.02619735385619893
40,3,5,0.5719805010982465
40,3,6,0.5503756852109354
40,4,1,-0.8489833848860951
40,4,2,0.21210037629314307
40,4,3,-0.07633011504995499
40,4,4,0.3640064138768586
40,4,5,-0.012400980070582508
40,4,6,-0.09836708784644077
40,5,1,0.7230846664976052
40,5,2,0.22922218192153168
40,5,3,0.16617570422089362
40,5,4,-0.673561912409813
40,5,5,-0.36328788401178647
40,5,6,-0.0795549872059226
40,6,1,-0.11888783621667172
40,6,2,0.5064346232064971
40,6,3,0.015897338201305608
40,6,4,-0.08385771537991224
40,6,5,0.3794516682037583
40,6,6,0.04309973416344629
40,7,1,0.15851384558808437
40,7,2,0.743745109018299
40,7,3,0.2630494549322714
40,7,4,-0.3136277190035079
40,7,5,-0.03840557289576954
40,7,6,0.5164452815600927
40,8,1,0.2259217490698764
40,8,2,0.2052983765993351
40,8,3,-0.2977817412655272
40,8,4,-0.046236596284141646
40,8,5,0.09014579450213953
40,8,6,0.41187458478476774
40,9,1,0.37676629404838136
40,9,2,0.19675511909205087
40,9,3,0.13032523822433928
40,9,4,0.55077999129121
40,9,5,-0.47220789739886676
40,9,6,0.3491976028020242
40,10,1,0.4471766406215517
40,10,2,0.16459753548290146
40,10,3,0.06425224773007379
40,10,4,0.8955664589951782
40,10,5,-0.5115864483399194
40,10,6,0.337226818016214
40,11,1,-0.1079265736763928
40,11,2,-0.039620588514617076
40,11,3,-0.21525836233521253
40,11,4,-0.046164059298214516
40,11,5,0.15470835006935954
40,11,6,-0.7016755007138614
40,12,1,0.5816268846270449
40,12,2,-0.14554143714327863
40,12,3,0.2770150307067347
40,12,4,0.37833023459970094
40,12,5,-0.07969850384959265
40,12,6,-0.26360847947652444
41,1,1,-0.09567286859692077
41,1,2,-0.03872437010782972
41,1,3,-0.35321615193322
41,1,4,0.02005939638935433
41,1,5,0.09268523734189216
41,1,6,-0.35360236252550353
41,2,1,0.19738908574427266
41,2,2,-0.3736676195237087
41,2,3,0.22399737388964674
41,2,4,0.5782696546968441
41,2,5,0.42967320855802427
41,2,6,0.11221908183982258
41,3,1,-0.3399406391913172
41,3,2,0.04433470323591257
41,3,3,0.7847827277247846
41,3,4,0.6075796596380935
41,3,5,0.005233786472820946
41,3,6,0.3825933312068149
41,4,1,-0.16108597212044745
41,4,2,-0.6173037070709843
41,4,3,-0.5557905907642802
41,4,4,0.18261538933594335
41,4,5,0.20523773252418648
41,4,6,-0.10017991705666862
41,5,1,0.6819984270523174
41,5,2,-0.033584644764576295
41,5,3,0.3007463102654221
41,5,4,-0.41427096700630694
41,5,5,-0.6102891123653568
41,5,6,0.39551258081535956
41,6,1,0.03304179187077074
41,6,2,0.45126234975020485
41,6,3,0.10734165882043743
41,6,4,0.14125207707829474
41,6,5,0.000883631488255208
41,6,6,0.4170308307559316
41,7,1,0.28210572243274246
41,7,2,-0.2022624213648109
41,7,3,0.140361198718248
41,7,4,-0.2332976837382896
41,7,5,0.18849770146707986
41,7,6,0.00433106675596504
41,8,1,-0.20209889019051147
41,8,2,0.4455418048831423
41,8,3,0.35741862174561456
41,8,4,-0.2585804780035479
41,8,5,-0.9223526085754437
41,8,6,-0.2905863801553496
41,9,1,0.4714091427267221
41,9,2,0.181921004273495
41,9,3,0.6391727789918977
41,9,4,0.09122835388925168
41,9,5,-0.2791431182920446
41,9,6,-0.18248956398564914
41,10,1,0.26206093968366073
41,10,2,0.2523391928657376
41,10,3,-0.5718841457961182
41,10,4,-0.06666788142576799
41,10,5,0.14220280619623493
41,10,6,-0.36360798379900927
41,11,1,-0.6754527044465571
41,11,2,-0.30495397253959
41,11,3,0.27568017910641557
41,11,4,0.39210920574424907
41,11,5,0.19244508881337255
41,11,6,-0.09017917482273374
41,12,1,0.015069093210481228
41,12,2,-0.42514043382825994
41,12,3,0.6431905565930202
41,12,4,-0.0433838495348269
41,12,5,0.11695343920586998
41,12,6,-0.23048589410012124
42,1,1,-0.3896999685615418
42,1,2,-0.23811426549598047
42,1,3,0.3897470429065745
42,1,4,0.09263908120557213
42,1,5,0.7697524661630883
42,1,6,0.04313646153888055
42,2,1,0.4207092907262554
42,2,2,-0.3828446223968498
42,2,3,-0.32152988429793516
42,2,4,0.6094757135593006
42,2,5,-0.02106671790077185
42,2,6,-0.09167301741998511
42,3,1,-0.16412364467026436
42,3,2,0.18597385874783662
42,3,3,0.5615471341840705
42,3,4,-0.27908090639805244
42,3,5,0.2840295000058055
42,3,6,0.6717016991280179
42,4,1,-0.1429118715319409
42,4,2,0.39942949910581355
42,4,3,0.09091952764807816
42,4,4,-0.15642544657898497
42,4,5,0.3992915290625523
42,4,6,0.7165157507017357
42,5,1,0.6472114315408477
42,5,2,0.397864130796208
42,5,3,0.13649143275481415
42,5,4,-0.2783877969528328
42,5,5,0.6388687746205789
42,5,6,-0.47740241467877437
42,6,1,-0.5715965575437372
42,6,2,0.07321911022454274
42,6,3,0.006337163407337697
42,6,4,0.2624833384967393
42,6,5,-0.009573999430672171
42,6,6,-0.02393572108525217
42,7,1,0.2354999286321095
42,7,2,-0.7930570110492289
42,7,3,-0.0007434735024085938
42,7,4,-0.1857591534752037
42,7,5,-0.14105142368711004
42,7,6,0.7542755868770725
42,8,1,-0.30599264472334947
42,8,2,-0.2251233942236408
42,8,3,0.025842469323233298
42,8,4,-0.3135307449264288
42,8,5,-0.27186374724456214
42,8,6,-0.5542688861036902
42,9,1,0.3617456115455199
42,9,2,0.4241941609639401
42,9,3,0.09046193266103292
42,9,4,0.22341080570691307
42,9,5,0.46112867085485154
42,9,6,0.26987040871115286
42,10,1,0.46315284579772326
42,10,2,-0.2163503175660429
42,10,3,0.05435444320190086
42,10,4,-0.19049509565930783
42,10,5,-0.2735879465193537
42,10,6,0.2358893325820129
42,11,1,0.4523117090529152
42,11,2,-0.07414647986325323
42,11,3,0.31639446117282116
42,11,4,0.32469550981717016
42,11,5,0.14080431104240856
42,11,6,0.47826533157224316
42,12,1,0.38322348514921845
42,12,2,-0.3182654383146928
42,12,3,-0.5064065765384462
42,12,4,0.1314742404459481
42,12,5,-0.09763455101588503
42,12,6,0.1841305690388828
43,1,1,0.039641493812507436
43,1,2,0.5602077801569135
43,1,3,-0.38259520013545184
43,1,4,-0.28326085811446605
43,1,5,-0.019707715618426165
43,1,6,0.4669284587273094
43,2,1,0.5542829300482744
43,2,2,0.023432154985231005
43,2,3,0.3912282670282229
43,2,4,0.19024770908470592
43,2,5,0.5085586120224521
43,2,6,0.5733819774520433
43,3,1,-0.4105638291433033
43,3,2,-0.7685863443802882
43,3,3,-0.004397144715973266
43,3,4,0.23830992100178597
43,3,5,-0.551845685787326
43,3,6,-0.6693938059606797
43,4,1,0.2475679118698222
43,4,2,0.3380815091643011
43,4,3,0.25094487159325823
43,4,4,0.5057690394038713
43,4,5,0.08083660670828426
43,4,6,0.3881961918124039
43,5,1,0.6156769103065151
43,5,2,0.16275895125417372
43,5,3,0.6845696635963869
43,5,4,0.4257848869738406
43,5,5,0.5335659370220192
43,5,6,-0.2661176211580732
43,6,1,0.3139571395535248
43,6,2,-0.36975250941199195
43,6,3,-0.4618224257355129
43,6,4,0.19693274450921444
43,6,5,0.14198624130370913
43,6,6,-0.45036844165863427
43,7,1,0.5672796266684483
43,7,2,-0.45084790287043125
43,7,3,0.7169556098479641
43,7,4,0.21424850615260504
43,7,5,-0.2470094566612962
43,7,6,0.07109019400931592
43,8,1,-0.3149910155079262
43,8,2,-0.25043883590203025
43,8,3,-0.7410101179154279
43,8,4,-0.38427645362072854
43,8,5,-0.6400043228790889
43,8,6,0.6046368007365562
43,9,1,0.3107695083333893
43,9,2,-0.6226659629069125
43,9,3,0.7241014956849918
43,9,4,0.11960078179550306
43,9,5,-0.12409593364550035
43,9,6,0.14920166920968178
43,10,1,0.8102938014687153
43,10,2,-0.12122737814199737
43,10,3,-0.089254169106127
43,10,4,0.1544004423162195
43,10,5,0.6132090204997617
43,10,6,-0.24214122265281796
43,11,1,0.09005575823581609
43,11,2,-0.0710956628312589
43,11,3,-0.5749443028794744
43,11,4,0.40291393226340294
43,11,5,-0.07305918693350445
43,11,6,-0.005765010390033488
43,12,1,-0.20163668989038172
43,12,2,-0.5906678808569009
43,12,3,0.8198312946360146
43,12,4,0.11993761970769765
43,12,5,0.07476402390730294
43,12,6,-0.31648706678955596
44,1,1,-0.19201476392450575
44,1,2,0.028513252358183052
44,1,3,-0.25632696106242514
44,1,4,-0.12284613330378502
44,1,5,-0.6267656774608374
44,1,6,0.2066376970790187
44,2,1,0.3781445644006687
44,2,2,-0.4332880440189774
44,2,3,0.27584388307824903
44,2,4,0.11573714360489891
44,2,5,0.44532553227007193
44,2,6,0.48473513975777416
44,3,1,-0.45878058093053536
44,3,2,0.2499101597056897
44,3,3,0.33084901585964976
44,3,4,0.1212007637810485
44,3,5,0.13865980774558065
44,3,6,0.11301093298504362
44,4,1,0.10378561329804181
44,4,2,-0.15847628155950844
44,4,3,-0.09487115908562363
44,4,4,0.17342925161538217
44,4,5,0.43663063485197234
44,4,6,0.23754463807230058
44,5,1,0.3921288772708969
44,5,2,-0.11443397219581794
44,5,3,0.7062834123834574
44,5,4,0.574846122054552
44,5,5,-0.03376622628840279
44,5,6,-0.21581446706299437
44,6,1,0.09605146693765891
44,6,2,0.054118377553691484
44,6,3,0.018025424860352274
44,6,4,-0.22461482496004453
44,6,5,0.020060584009652552
44,6,6,0.3479763386971303
44,7,1,-0.04378460778870547
44,7,2,0.0206323781436632
44,7,3,0.03287898790407937
44,7,4,-0.18547864903034406
44,7,5,0.027598462973742546
44,7,6,0.029725281576557665
44,8,1,0.41398392058166555
44,8,2,0.5106407579859207
44,8,3,-0.26467415201219385
44,8,4,0.37000408819029984
44,8,5,-0.05651625957467868
44,8,6,0.17680013051923243
44,9,1,0.10554712745392808
44,9,2,0.45965498256318216
44,9,3,-0.05730722641338255
44,9,4,-0.6781724198173782
44,9,5,0.5219230011601508
44,9,6,0.17357844332937056
44,10,1,0.6652164721738367
44,10,2,0.6701672576523088
44,10,3,-0.035347297426084695
44,10,4,-0.8176562822960408
44,10,5,-0.1101728705116573
44,10,6,0.18815579624578904
44,11,1,-0.596747959343443
44,11,2,-0.11047047690658622
44,11,3,0.10490767944758839
44,11,4,0.31091106099032123
44,11,5,0.34589539435082656
44,11,6,-0.34204836404731526
44,12,1,-0.029880161509319807
44,12,2,-0.12107196325564576
44,12,3,-0.02485194870529212
44,12,4,-0.40979380748613126
44,12,5,-0.005101764663586566
44,12,6,-0.19259206560998532
45,1,1,-0.37995382480649365
45,1,2,-0.36510694088892903
45,1,3,0.11219882418340203
45,1,4,0.23683830849154086
45,1,5,0.4963720599624801
45,1,6,-0.49417942306481477
45,2,1,0.764774722208742
45,2,2,-0.3510405340630508
45,2,3,-0.028574782122284717
45,2,4,0.3897560512588876
45,2,5,0.41608182897524265
45,2,6,0.3849736995058437
45,3,1,-0.4712599495747737
45,3,2,-0.2582494466275098
45,3,3,0.49383408419410085
45,3,4,-0.2753903085426035
45,3,5,0.14579333774374573
45,3,6,-0.32508462288837825
45,4,1,-0.38750927100363414
45,4,2,-0.12085744125039749
45,4,3,-0.273325643225119
45,4,4,0.35316101292959745
45,4,5,0.48712526991719624
45,4,6,0.3477982480791734
45,5,1,0.5809732796774078
45,5,2,0.47572040466756227
45,5,3,-0.0465562481744368
45,5,4,0.6999389929270263
45,5,5,0.6865417227425537
45,5,6,-0.0007333913139786749
45,6,1,-0.15448964693068776
45,6,2,-0.4433468776557153
45,6,3,-0.6917357442400377
45,6,4,0.05000315882788228
45,6,5,-0.34180296522855075
45,6,6,0.04386745078586568
45,7,1,0.21943915953242307
45,7,2,0.3453611662055396
45,7,3,0.32301062568168076
45,7,4,0.21896270437173732
45,7,5,0.27119691106313226
45,7,6,-0.6315252524496565
45,8,1,-0.06682526110360364
45,8,2,0.06615219473107266
45,8,3,0.021104127621855904
45,8,4,0.34042916742268986
45,8,5,0.26865618128049557
45,8,6,-0.38824641596056375
45,9,1,0.12389465934541465
45,9,2,-0.7918744970327869
45,9,3,0.11165546518352104
45,9,4,-0.3989389717484944
45,9,5,0.41249083991968993
45,9,6,0.3816030423546069
45,10,1,0.9019060989275506
45,10,2,0.09612329176235031
45,10,3,-0.2977964334401491
45,10,4,0.30366519828755606
45,10,5,0.4526625070090024
45,10,6,-0.0076136510744113355
45,11,1,0.2083154901798165
45,11,2,-0.22977940448855588
45,11,3,-0.4826638360187486
45,11,4,-0.3641204411134776
45,11,5,-0.18651570389703304
45,11,6,-0.10236445447674154
45,12,1,0.40149632695392184
45,12,2,0.5493260145346206
45,12,3,0.021853658735127145
45,12,4,-0.39851627409561025
45,12,5,-0.4692623499716475
45,12,6,0.48252336177205674
46,1,1,-0.1250560114514821
46,1,2,0.07191096924380895
46,1,3,-0.31822630081192804
46,1,4,0.7008866326106864
46,1,5,-0.2968002403509758
46,1,6,-0.5822783127811153
46,2,1,0.2812613545420741
46,2,2,-0.4723488317525086
46,2,3,-0.19860678350939107
46,2,4,-0.222171849320288
46,2,5,0.07414060890574235
46,2,6,0.45451588174089624
46,3,1,-0.09629817450500927
46,3,2,0.6003736757845921
46,3,3,0.23157822972387784
46,3,4,0.7496101097821349
46,3,5,0.0801033720291551
46,3,6,-0.31018089617450517
46,4,1,-0.4351512904515126
46,4,2,-0.33537185520007173
46,4,3,-0.25200298025594403
46,4,4,0.637225967121909
46,4,5,0.6551458922221858
46,4,6,0.4533387622116189
46,5,1,0.7427368870062604
46,5,2,0.8064015691542803
46,5,3,0.7991094843359857
46,5,4,-0.35002708025975704
46,5,5,0.6090076904742832
46,5,6,0.08012117779495036
46,6,1,0.3928412973314027
46,6,2,0.24252160361162456
46,6,3,-0.3238898176186994
46,6,4,-0.05701352173099911
46,6,5,-0.5972187157335894
46,6,6,-0.8257755778095996
46,7,1,-0.3237385600418017
46,7,2,0.03704623997405341
46,7,3,0.20011973946707787
46,7,4,-0.6757680912910841
46,7,5,-0.4702461932364708
46,7,6,0.4087229788235898
46,8,1,-0.017739071116953553
46,8,2,0.179317113807809
46,8,3,0.47899837199725154
46,8,4,0.2294135194175147
46,8,5,0.43459635214931674
46,8,6,0.529665118974688
46,9,1,0.6164377960969676
46,9,2,-0.36395040996531297
46,9,3,-0.5053509700416429
46,9,4,0.08760153723707889
46,9,5,0.024497140523506294
46,9,6,-0.3501761582984261
46,10,1,0.5567255064045652
46,10,2,-0.3735773848629493
46,10,3,-0.482482838740717
46,10,4,-0.5100799328031745
46,10,5,-0.07525931671454832
46,10,6,0.17350269875142701
46,11,1,-0.40162590368050927
46,11,2,-0.24991860743275757
46,11,3,-0.08393649910464429
46,11,4,0.015880155543042285
46,11,5,0.023927246758026897
46,11,6,0.39599101001226217
46,12,1,0.445035471990713
46,12,2,0.5373744130148996
46,12,3,0.18725336925666003
46,12,4,-0.483023126389175
46,12,5,-0.6313852202561762
46,12,6,0.5266431021788689
47,1,1,-0.21374152250955208
47,1,2,0.39142346795777044
47,1,3,-0.3514234782318696
47,1,4,0.25618134484389404
47,1,5,-0.2631830839776842
47,1,6,-0.4777194471578524
47,2,1,0.05851941284162739
47,2,2,-0.7039815576675362
47,2,3,0.14820124455046524
47,2,4,-0.2915761569256219
47,2,5,-0.49474811606445496
47,2,6,-0.4635934618225227
47,3,1,-0.12250275637138808
47,3,2,0.05370398621619518
47,3,3,0.019229290578533648
47,3,4,-0.5476038022778141
47,3,5,0.36681810443841567
47,3,6,0.2114645954525196
47,4,1,-0.48717376878922736
47,4,2,-0.047645348854827935
47,4,3,0.05300591871464157
47,4,4,-0.22239855804447756
47,4,5,0.5325160131664841
47,4,6,0.35680388178785555
47,5,1,0.7434124970138523
47,5,2,-0.6359645528764919
47,5,3,-0.12179871200055158
47,5,4,0.1835530562264186
47,5,5,0.3986435312387774
47,5,6,-0.6619876734202127
47,6,1,-0.2518192269174692
47,6,2,0.04460604868441577
47,6,3,0.3500356065575198
47,6,4,0.6029745242477307
47,6,5,-0.04588676963311189
47,6,6,0.49240838521086505
47,7,1,0.06598484448133475
47,7,2,-0.37993718672219834
47,7,3,0.30048552954853264
47,7,4,-0.06249919010230903
47,7,5,-0.35307776919837025
47,7,6,0.03597973082503342
47,8,1,-0.608948112962047
47,8,2,-0.799935430416617
47,8,3,0.5564596050974145
47,8,4,0.33201775450776766
47,8,5,0.5272382703370911
47,8,6,-0.6288384667375851
47,9,1,0.31792008211363293
47,9,2,-0.30032574335566975
47,9,3,-0.19458844526500466
47,9,4,-0.1284239103809628
47,9,5,0.21897013131988202
47,9,6,-0.7745513470031304
47,10,1,-0.02284860016369213
47,10,2,0.3366988682270239
47,10,3,-0.08292610116304922
47,10,4,-0.016394960133198983
47,10,5,0.7234540790634683
47,10,6,0.6533574907737711
47,11,1,-0.33356870938212385
47,11,2,-0.12755941168223622
47,11,3,0.26993074398909345
47,11,4,0.09774229694844347
47,11,5,0.08655634598250649
47,11,6,-0.7683177529904891
47,12,1,0.49383988821679176
47,12,2,0.3568216792686183
47,12,3,0.3691867491387728
47,12,4,0.49929094648503664
47,12,5,-0.011257157409491335
47,12,6,0.5297971029493116
48,1,1,0.09659637084732141
48,1,2,0.2672233271570754
48,1,3,-0.12264232005225259
48,1,4,-0.6071441196034405
48,1,5,0.23716196437938716
48,1,6,0.20042744406191942
48,2,1,0.19291392555826606
48,2,2,0.20538321442454757
48,2,3,-0.8096825960534895
48,2,4,-0.11355908987342347
48,2,5,0.29959481858015335
48,2,6,0.07137994847766654
48,3,1,-0.4311344120311835
48,3,2,-0.4282235519021393
48,3,3,0.7885325047896966
48,3,4,-0.008887116740135984
48,3,5,0.03359130328781368
48,3,6,-0.4563024859664172
48,4,1,0.01724836106619105
48,4,2,-0.3354717935313831
48,4,3,0.18642768093857018
48,4,4,0.13173372623413993
48,4,5,0.19795615060710986
48,4,6,0.588032173093123
48,5,1,0.45286589693074986
48,5,2,0.4033748690534262
48,5,3,-0.07564545264843271
48,5,4,-0.29027696727531643
48,5,5,0.6409201196183941
48,5,6,0.699276994897735
48,6,1,-0.36619181400682
48,6,2,0.5417352645388053
48,6,3,0.4296183245152592
48,6,4,0.4374933664051011
48,6,5,0.3864197942330617
48,6,6,0.08497124710837112
48,7,1,-0.01988619808343378
48,7,2,0.22870920425086055
48,7,3,-0.05860848508174996
48,7,4,-0.048371564502341285
48,7,5,0.2703531197303963
48,7,6,0.306752093277105
48,8,1,0.022661190290053375
48,8,2,0.6667958194354177
48,8,3,-0.06120883800615303
48,8,4,0.1645581002056383
48,8,5,-0.18506223389683243
48,8,6,-0.42789134177479016
48,9,1,0.3199849216762896
48,9,2,0.6775084967816241
48,9,3,-0.244894834531876
48,9,4,-0.12377782978784048
48,9,5,0.04377443298811021
48,9,6,0.2439557888042925
48,10,1,0.38091661992248843
48,10,2,0.7500824343876794
48,10,3,0.09192216510771224
48,10,4,-0.3045303102639515
48,10,5,0.05418182912459534
48,10,6,0.2115681562406362
48,11,1,-0.40309222267990535
48,11,2,0.0156174918794613
48,11,3,0.0714702514402637
48,11,4,0.6788157402676667
48,11,5,-0.17290552318563335
48,11,6,0.4660926394621757
48,12,1,0.44832895139435286
48,12,2,0.2803311460594384
48,12,3,0.10366693849550182
48,12,4,-0.013462432139517921
48,12,5,-0.33092833779551867
48,12,6,-0.3231575390877417
49,1,1,-0.0630968748734726
49,1,2,0.5503073135745444
49,1,3,-0.3535881643853536
49,1,4,-0.14239332485936154
49,1,5,0.34329438339869833
49,1,6,0.060261720470200286
49,2,1,0.22587623765325507
49,2,2,-0.18562077062213989
49,2,3,0.04075209582056875
49,2,4,-0.3328510126253688
49,2,5,0.005605242363762908
49,2,6,-0.08682601408446315
49,3,1,-0.26335832167462536
49,3,2,-0.2588039920490451
49,3,3,-0.35463510233768913
49,3,4,-0.07239996826192012
49,3,5,0.1162290667635554
49,3,6,-0.6262204368942327
49,4,1,-0.5275391506746677
49,4,2,0.14268499564847614
49,4,3,-0.10185565326752695
49,4,4,0.3837147527224873
49,4,5,0.8234439668965766
49,4,6,0.4921953112879093
49,5,1,0.7637389895347402
49,5,2,0.4226533414265234
49,5,3,0.2616524258185498
49,5,4,0.2730701300759155
49,5,5,0.6778574332119813
49,5,6,-0.23681380040812475
49,6,1,-0.5070462466729403
49,6,2,0.2579218690147765
49,6,3,0.050337630280872486
49,6,4,0.42095754174644984
49,6,5,0.5080519725215898
49,6,6,0.014711252802331019
49,7,1,0.16824687538668182
49,7,2,-0.2497614019214906
49,7,3,0.2043794170732595
49,7,4,0.9108486106673398
49,7,5,0.4504699116935527
49,7,6,-0.21477758169881506
49,8,1,-0.2347114243545771
49,8,2,-0.6318694342764581
49,8,3,0.5721222950227287
49,8,4,-0.33739928707730527
49,8,5,0.23739824425923664
49,8,6,-0.28287487531836697
49,9,1,0.09674559373600748
49,9,2,0.26748213853805314
49,9,3,-0.07849760851055151
49,9,4,-0.21527099776670247
49,9,5,-0.5474178520803931
49,9,6,0.16650386499166747
49,10,1,0.6794307773453752
49,10,2,0.32883320188917453
49,10,3,-0.1663147115108781
49,10,4,-0.52126906621939
49,10,5,0.5127612784246057
49,10,6,0.37078802109933434
49,11,1,0.26219549988597757
49,11,2,0.23569282472691047
49,11,3,-0.32403723634716713
49,11,4,0.4879097965426121
49,11,5,0.14244093002215816
49,11,6,-0.58426217749715
49,12,1,0.060734112944952734
49,12,2,0.12249289894049532
49,12,3,0.5712872182322993
49,12,4,-0.25447179020957794
49,12,5,-0.025035452011324663
49,12,6,0.18136847287385496
50,1,1,-0.2180817659651376
50,1,2,0.2143251514629761
50,1,3,-0.4902951618592706
50,1,4,-0.1765301535977726
50,1,5,-0.35487247679810197
50,1,6,-0.1211020536326025
50,2,1,-0.3084009311364383
50,2,2,-0.32481811016280476
50,2,3,-0.5509381375810877
50,2,4,-0.34278944633568703
50,2,5,0.17767439527461673
50,2,6,0.8038369157910429
50,3,1,-0.09175750406650877
50,3,2,0.47776734992291053
50,3,3,-0.02014205995513471
50,3,4,-0.4724631978940188
50,3,5,0.21490959220863046
50,3,6,0.3598970587141395
50,4,1,0.19820087347926593
50,4,2,-0.6901592295032482
50,4,3,0.6086511531484953
50,4,4,-0.1814466234426885
50,4,5,0.3580967766807319
50,4,6,-0.2379899423192456
50,5,1,0.3766422200513455
50,5,2,0.6037832672552222
50,5,3,0.7508003859004235
50,5,4,-0.13428725594577817
50,5,5,0.3233169037415717
50,5,6,0.1347102956760816
50,6,1,-0.14447576293885211
50,6,2,0.03158005835200337
50,6,3,-0.5518660824920685
50,6,4,0.31302126053240537
50,6,5,-0.573712912167671
50,6,6,-0.06923264843027124
50,7,1,0.03758978735496382
50,7,2,0.031165629612385663
50,7,3,-0.15930593821415653
50,7,4,0.023772777060054266
50,7,5,0.5825369618524415
50,7,6,-0.03840995830831367
50,8,1,0.5698312102333283
50,8,2,-0.12215505821681329
50,8,3,-0.06843530254022286
50,8,4,0.42719527697079224
50,8,5,0.39270460408737906
50,8,6,0.4260418049826627
50,9,1,0.8698426578047327
50,9,2,0.2889809170767228
50,9,3,0.14292098757514302
50,9,4,-0.44333707213202717
50,9,5,0.7191867211472621
50,9,6,-0.24670542729020584
50,10,1,0.7226885276354608
50,10,2,-0.005214871121792079
50,10,3,-0.07764805745663325
50,10,4,0.5298558269142583
50,10,5,0.6445076647855842
50,10,6,0.04834338747101318
50,11,1,-0.1211786585497895
50,11,2,-0.10433606332445265
50,11,3,0.15375620887571584
50,11,4,0.07140642451534501
50,11,5,0.09286439482020793
50,11,6,-0.5315873938364792
50,12,1,0.29979479961833533
50,12,2,-0.1561623611836208
50,12,3,0.45831898550195943
50,12,4,0.49895805732050486
50,12,5,-0.6931048063977396
50,12,6,-0.10433192363084785
