file,time,T2MAX,T2MIN
OBS_monthly_T2MAX_1980-01-01-00_1980-12-31-18.nc,1980-01-31,252.04285106758476,241.87057377136907
OBS_monthly_T2MAX_1980-01-01-00_1980-12-31-18.nc,1980-02-29,253.05318664178242,242.252095271965
OBS_monthly_T2MAX_1980-01-01-00_1980-12-31-18.nc,1980-03-31,258.893743835312,247.255261822604
OBS_monthly_T2MAX_1980-01-01-00_1980-12-31-18.nc,1980-04-30,268.37386126035216,254.73259915296993
OBS_monthly_T2MAX_1980-01-01-00_1980-12-31-18.nc,1980-05-31,274.3781340118029,260.30237522415524
OBS_monthly_T2MAX_1980-01-01-00_1980-12-31-18.nc,1980-06-30,278.6583371591752,264.8860109666502
OBS_monthly_T2MAX_1980-01-01-00_1980-12-31-18.nc,1980-07-31,282.83152562452847,268.3752912495398
OBS_monthly_T2MAX_1980-01-01-00_1980-12-31-18.nc,1980-08-31,280.04074476299405,267.0560291655621
OBS_monthly_T2MAX_1980-01-01-00_1980-12-31-18.nc,1980-09-30,275.96034458388334,262.0751899429672
OBS_monthly_T2MAX_1980-01-01-00_1980-12-31-18.nc,1980-10-31,267.71914666007245,254.16567195649736
OBS_monthly_T2MAX_1980-01-01-00_1980-12-31-18.nc,1980-11-30,261.9468110374194,250.1488809995097
OBS_monthly_T2MAX_1980-01-01-00_1980-12-31-18.nc,1980-12-31,255.56869623473784,244.692520479875
OBS_monthly_T2MAX_1981-01-01-00_1981-12-31-18.nc,1981-01-31,255.04667223441538,242.51002047116364
OBS_monthly_T2MAX_1981-01-01-00_1981-12-31-18.nc,1981-02-28,257.5892837398802,245.058132539244
OBS_monthly_T2MAX_1981-01-01-00_1981-12-31-18.nc,1981-03-31,263.1182065623739,249.86845968677977
OBS_monthly_T2MAX_1981-01-01-00_1981-12-31-18.nc,1981-04-30,270.7830797954257,256.9958508966962
OBS_monthly_T2MAX_1981-01-01-00_1981-12-31-18.nc,1981-05-31,271.76413032678056,259.0495674814636
OBS_monthly_T2MAX_1981-01-01-00_1981-12-31-18.nc,1981-06-30,278.0717921828221,265.45337533603856
OBS_monthly_T2MAX_1981-01-01-00_1981-12-31-18.nc,1981-07-31,280.0291360951203,267.8358145903911
OBS_monthly_T2MAX_1981-01-01-00_1981-12-31-18.nc,1981-08-31,278.54175231882056,266.3013314084763
OBS_monthly_T2MAX_1981-01-01-00_1981-12-31-18.nc,1981-09-30,275.14963246815614,261.22924398610104
OBS_monthly_T2MAX_1981-01-01-00_1981-12-31-18.nc,1981-10-31,267.2616365333873,255.50259625368216
OBS_monthly_T2MAX_1981-01-01-00_1981-12-31-18.nc,1981-11-30,262.7264035858403,251.1134875667577
OBS_monthly_T2MAX_1981-01-01-00_1981-12-31-18.nc,1981-12-31,253.60085920110188,243.7293155469008
OBS_monthly_T2MAX_1982-01-01-00_1982-12-31-18.nc,1982-01-31,248.79326153085157,236.62729208914246
OBS_monthly_T2MAX_1982-01-01-00_1982-12-31-18.nc,1982-02-28,253.72435326472925,242.17849510660784
OBS_monthly_T2MAX_1982-01-01-00_1982-12-31-18.nc,1982-03-31,260.0699040801807,248.69196062855158
OBS_monthly_T2MAX_1982-01-01-00_1982-12-31-18.nc,1982-04-30,265.9156308970019,252.74212065877785
OBS_monthly_T2MAX_1982-01-01-00_1982-12-31-18.nc,1982-05-31,273.46479724483294,261.6005493258534
OBS_monthly_T2MAX_1982-01-01-00_1982-12-31-18.nc,1982-06-30,275.1472527788746,262.80445220919484
OBS_monthly_T2MAX_1982-01-01-00_1982-12-31-18.nc,1982-07-31,280.3735758976358,267.71035506066175
OBS_monthly_T2MAX_1982-01-01-00_1982-12-31-18.nc,1982-08-31,278.7552963247944,266.19913781308134
OBS_monthly_T2MAX_1982-01-01-00_1982-12-31-18.nc,1982-09-30,274.0615206463327,261.512846157928
OBS_monthly_T2MAX_1982-01-01-00_1982-12-31-18.nc,1982-10-31,268.665539909634,256.0001139112994
OBS_monthly_T2MAX_1982-01-01-00_1982-12-31-18.nc,1982-11-30,259.51669524174457,248.89500667514525
OBS_monthly_T2MAX_1982-01-01-00_1982-12-31-18.nc,1982-12-31,256.36971303658635,246.78340843507132
OBS_monthly_T2MAX_1983-01-01-00_1983-12-31-18.nc,1983-01-31,254.20432484028106,245.03777979823025
OBS_monthly_T2MAX_1983-01-01-00_1983-12-31-18.nc,1983-02-28,257.23662999859386,247.36752818375248
OBS_monthly_T2MAX_1983-01-01-00_1983-12-31-18.nc,1983-03-31,259.73060192830934,250.35807145467894
OBS_monthly_T2MAX_1983-01-01-00_1983-12-31-18.nc,1983-04-30,263.99982974675504,253.0104088291195
OBS_monthly_T2MAX_1983-01-01-00_1983-12-31-18.nc,1983-05-31,270.7604860335757,258.0440292620849
OBS_monthly_T2MAX_1983-01-01-00_1983-12-31-18.nc,1983-06-30,277.32863604693216,264.6304493095472
OBS_monthly_T2MAX_1983-01-01-00_1983-12-31-18.nc,1983-07-31,281.94642628284834,268.57592682781274
OBS_monthly_T2MAX_1983-01-01-00_1983-12-31-18.nc,1983-08-31,282.8230458377893,268.6823252536556
OBS_monthly_T2MAX_1983-01-01-00_1983-12-31-18.nc,1983-09-30,275.9639439474085,261.89064478776146
OBS_monthly_T2MAX_1983-01-01-00_1983-12-31-18.nc,1983-10-31,268.522108713023,256.63139652515184
OBS_monthly_T2MAX_1983-01-01-00_1983-12-31-18.nc,1983-11-30,259.98714886782363,250.75729829100882
OBS_monthly_T2MAX_1983-01-01-00_1983-12-31-18.nc,1983-12-31,246.48388717608177,237.30071475680623
OBS_monthly_T2MAX_1984-01-01-00_1984-12-31-18.nc,1984-01-31,251.95047362036732,241.39742821593347
OBS_monthly_T2MAX_1984-01-01-00_1984-12-31-18.nc,1984-02-29,258.5011102452025,247.60056496430377
OBS_monthly_T2MAX_1984-01-01-00_1984-12-31-18.nc,1984-03-31,257.4640017765001,247.33703495018355
OBS_monthly_T2MAX_1984-01-01-00_1984-12-31-18.nc,1984-04-30,265.8672152484248,254.53253228969
OBS_monthly_T2MAX_1984-01-01-00_1984-12-31-18.nc,1984-05-31,272.26805860058397,259.18794662826434
OBS_monthly_T2MAX_1984-01-01-00_1984-12-31-18.nc,1984-06-30,278.03940248536196,265.6653387042171
OBS_monthly_T2MAX_1984-01-01-00_1984-12-31-18.nc,1984-07-31,280.23035336679726,266.6818778240578
OBS_monthly_T2MAX_1984-01-01-00_1984-12-31-18.nc,1984-08-31,280.9689325917802,266.9559484322077
OBS_monthly_T2MAX_1984-01-01-00_1984-12-31-18.nc,1984-09-30,273.37464155700036,260.07167395789236
OBS_monthly_T2MAX_1984-01-01-00_1984-12-31-18.nc,1984-10-31,268.1244387088537,257.13676636653133
OBS_monthly_T2MAX_1984-01-01-00_1984-12-31-18.nc,1984-11-30,260.8799034364105,249.44194480980485
OBS_monthly_T2MAX_1984-01-01-00_1984-12-31-18.nc,1984-12-31,255.02345147371625,244.188659767359
OBS_monthly_T2MAX_1985-01-01-00_1985-12-31-18.nc,1985-01-31,249.9813826324596,239.12724125998807
OBS_monthly_T2MAX_1985-01-01-00_1985-12-31-18.nc,1985-02-28,253.46209879717935,242.1884047914411
OBS_monthly_T2MAX_1985-01-01-00_1985-12-31-18.nc,1985-03-31,262.5239888606543,250.6632317471612
OBS_monthly_T2MAX_1985-01-01-00_1985-12-31-18.nc,1985-04-30,270.2220440331923,256.776095357638
OBS_monthly_T2MAX_1985-01-01-00_1985-12-31-18.nc,1985-05-31,274.7707289037219,261.2891437759295
OBS_monthly_T2MAX_1985-01-01-00_1985-12-31-18.nc,1985-06-30,276.3969738529906,263.3188163211491
OBS_monthly_T2MAX_1985-01-01-00_1985-12-31-18.nc,1985-07-31,280.4766984485312,266.8067631989095
OBS_monthly_T2MAX_1985-01-01-00_1985-12-31-18.nc,1985-08-31,277.8121399554915,265.4099694541467
OBS_monthly_T2MAX_1985-01-01-00_1985-12-31-18.nc,1985-09-30,272.8176702816447,261.4472457980683
OBS_monthly_T2MAX_1985-01-01-00_1985-12-31-18.nc,1985-10-31,268.43890796873904,256.1575209675478
OBS_monthly_T2MAX_1985-01-01-00_1985-12-31-18.nc,1985-11-30,256.10209612012585,247.04924263668423
OBS_monthly_T2MAX_1985-01-01-00_1985-12-31-18.nc,1985-12-31,250.95527090299785,239.96968382238546
OBS_monthly_T2MAX_1986-01-01-00_1986-12-31-18.nc,1986-01-31,255.88230945355178,244.05916305222155
OBS_monthly_T2MAX_1986-01-01-00_1986-12-31-18.nc,1986-02-28,253.996778699672,243.74893728847888
OBS_monthly_T2MAX_1986-01-01-00_1986-12-31-18.nc,1986-03-31,264.01413817285095,251.37546066207452
OBS_monthly_T2MAX_1986-01-01-00_1986-12-31-18.nc,1986-04-30,268.6381612800388,255.76507812240735
OBS_monthly_T2MAX_1986-01-01-00_1986-12-31-18.nc,1986-05-31,273.43728229610156,260.9303632716714
OBS_monthly_T2MAX_1986-01-01-00_1986-12-31-18.nc,1986-06-30,278.30736389022434,265.7564961265233
OBS_monthly_T2MAX_1986-01-01-00_1986-12-31-18.nc,1986-07-31,280.71291016629243,268.22317041005954
OBS_monthly_T2MAX_1986-01-01-00_1986-12-31-18.nc,1986-08-31,277.7783400163557,264.8637505839022
OBS_monthly_T2MAX_1986-01-01-00_1986-12-31-18.nc,1986-09-30,273.9107524735609,262.9156940236425
OBS_monthly_T2MAX_1986-01-01-00_1986-12-31-18.nc,1986-10-31,267.9803994771784,256.3573099787338
OBS_monthly_T2MAX_1986-01-01-00_1986-12-31-18.nc,1986-11-30,258.34768378725954,247.86345521820866
OBS_monthly_T2MAX_1986-01-01-00_1986-12-31-18.nc,1986-12-31,255.52565746818905,245.91809834421755
OBS_monthly_T2MAX_1987-01-01-00_1987-12-31-18.nc,1987-01-31,254.6511269621988,244.30465352525258
OBS_monthly_T2MAX_1987-01-01-00_1987-12-31-18.nc,1987-02-28,258.56147588844954,247.96393773785775
OBS_monthly_T2MAX_1987-01-01-00_1987-12-31-18.nc,1987-03-31,261.5683153307487,250.10205611671293
OBS_monthly_T2MAX_1987-01-01-00_1987-12-31-18.nc,1987-04-30,270.615562846827,255.72868638118726
OBS_monthly_T2MAX_1987-01-01-00_1987-12-31-18.nc,1987-05-31,275.413903818052,262.51923621803326
OBS_monthly_T2MAX_1987-01-01-00_1987-12-31-18.nc,1987-06-30,279.2647554530044,265.8466056902412
OBS_monthly_T2MAX_1987-01-01-00_1987-12-31-18.nc,1987-07-31,280.9573260369635,268.3715702612507
OBS_monthly_T2MAX_1987-01-01-00_1987-12-31-18.nc,1987-08-31,278.2565043671414,265.8768794745345
OBS_monthly_T2MAX_1987-01-01-00_1987-12-31-18.nc,1987-09-30,275.32055390724435,261.5625180195023
OBS_monthly_T2MAX_1987-01-01-00_1987-12-31-18.nc,1987-10-31,267.2032034933633,253.47277513193765
OBS_monthly_T2MAX_1987-01-01-00_1987-12-31-18.nc,1987-11-30,262.015097483243,251.32943560849318
OBS_monthly_T2MAX_1987-01-01-00_1987-12-31-18.nc,1987-12-31,255.5101178625267,246.3836072869397
OBS_monthly_T2MAX_1988-01-01-00_1988-12-31-18.nc,1988-01-31,251.19449501047137,239.96251031917868
OBS_monthly_T2MAX_1988-01-01-00_1988-12-31-18.nc,1988-02-29,253.94881042556128,241.73491185637567
OBS_monthly_T2MAX_1988-01-01-00_1988-12-31-18.nc,1988-03-31,261.3469376375442,248.78887980576462
OBS_monthly_T2MAX_1988-01-01-00_1988-12-31-18.nc,1988-04-30,268.84060642197176,253.8760263215701
OBS_monthly_T2MAX_1988-01-01-00_1988-12-31-18.nc,1988-05-31,275.56763477328286,261.21419034317194
OBS_monthly_T2MAX_1988-01-01-00_1988-12-31-18.nc,1988-06-30,281.1306794241551,265.99508579005897
OBS_monthly_T2MAX_1988-01-01-00_1988-12-31-18.nc,1988-07-31,281.8732932747677,267.7938884993089
OBS_monthly_T2MAX_1988-01-01-00_1988-12-31-18.nc,1988-08-31,280.9446440550651,267.20085357293186
OBS_monthly_T2MAX_1988-01-01-00_1988-12-31-18.nc,1988-09-30,275.05418587494216,261.6683900600972
OBS_monthly_T2MAX_1988-01-01-00_1988-12-31-18.nc,1988-10-31,266.92260586968916,253.63089468683413
OBS_monthly_T2MAX_1988-01-01-00_1988-12-31-18.nc,1988-11-30,260.8882259620865,250.01067235079267
OBS_monthly_T2MAX_1988-01-01-00_1988-12-31-18.nc,1988-12-31,255.86879646112487,244.1432879517296
OBS_monthly_T2MAX_1989-01-01-00_1989-12-31-18.nc,1989-01-31,256.9894385929304,244.800030805
OBS_monthly_T2MAX_1989-01-01-00_1989-12-31-18.nc,1989-02-28,249.78946318739688,239.23050345674602
OBS_monthly_T2MAX_1989-01-01-00_1989-12-31-18.nc,1989-03-31,260.1898437126816,247.72860863468517
OBS_monthly_T2MAX_1989-01-01-00_1989-12-31-18.nc,1989-04-30,267.9017897531029,254.62623914487483
OBS_monthly_T2MAX_1989-01-01-00_1989-12-31-18.nc,1989-05-31,273.2146813177272,259.84625871975584
OBS_monthly_T2MAX_1989-01-01-00_1989-12-31-18.nc,1989-06-30,276.6475361288709,264.0615366351248
OBS_monthly_T2MAX_1989-01-01-00_1989-12-31-18.nc,1989-07-31,280.66310831108984,267.99237103039906
OBS_monthly_T2MAX_1989-01-01-00_1989-12-31-18.nc,1989-08-31,278.99957832932915,266.36735831277565
OBS_monthly_T2MAX_1989-01-01-00_1989-12-31-18.nc,1989-09-30,274.04731344430536,260.77386637288544
OBS_monthly_T2MAX_1989-01-01-00_1989-12-31-18.nc,1989-10-31,269.4956822418465,255.25828600999918
OBS_monthly_T2MAX_1989-01-01-00_1989-12-31-18.nc,1989-11-30,260.7045842738102,248.36199123583663
OBS_monthly_T2MAX_1989-01-01-00_1989-12-31-18.nc,1989-12-31,250.17919301726548,239.25935396037184
OBS_monthly_T2MAX_1990-01-01-00_1990-12-31-18.nc,1990-01-31,257.77793531585525,246.2741661965384
OBS_monthly_T2MAX_1990-01-01-00_1990-12-31-18.nc,1990-02-28,257.01879326786815,245.25094194901916
OBS_monthly_T2MAX_1990-01-01-00_1990-12-31-18.nc,1990-03-31,262.19582736859,250.8949866505585
OBS_monthly_T2MAX_1990-01-01-00_1990-12-31-18.nc,1990-04-30,267.3207364800645,254.27592283961175
OBS_monthly_T2MAX_1990-01-01-00_1990-12-31-18.nc,1990-05-31,271.3767916022478,259.2752346591139
OBS_monthly_T2MAX_1990-01-01-00_1990-12-31-18.nc,1990-06-30,278.4835005216135,265.9949270042453
OBS_monthly_T2MAX_1990-01-01-00_1990-12-31-18.nc,1990-07-31,279.05180151794497,266.85720618972726
OBS_monthly_T2MAX_1990-01-01-00_1990-12-31-18.nc,1990-08-31,279.36936172046916,266.6260247245387
OBS_monthly_T2MAX_1990-01-01-00_1990-12-31-18.nc,1990-09-30,276.3313942567976,262.8956558274988
OBS_monthly_T2MAX_1990-01-01-00_1990-12-31-18.nc,1990-10-31,268.9579719047836,254.75587795945165
OBS_monthly_T2MAX_1990-01-01-00_1990-12-31-18.nc,1990-11-30,263.197276173492,250.8601750107714
OBS_monthly_T2MAX_1990-01-01-00_1990-12-31-18.nc,1990-12-31,252.9719169708232,241.90639837409674
OBS_monthly_T2MAX_1991-01-01-00_1991-12-31-18.nc,1991-01-31,251.17557355611416,240.83693389423496
OBS_monthly_T2MAX_1991-01-01-00_1991-12-31-18.nc,1991-02-28,259.21281966782476,246.78841300941318
OBS_monthly_T2MAX_1991-01-01-00_1991-12-31-18.nc,1991-03-31,262.4958572881149,250.1758426448128
OBS_monthly_T2MAX_1991-01-01-00_1991-12-31-18.nc,1991-04-30,268.4046448596548,256.38963203023263
OBS_monthly_T2MAX_1991-01-01-00_1991-12-31-18.nc,1991-05-31,274.37627444316195,263.19295983195286
OBS_monthly_T2MAX_1991-01-01-00_1991-12-31-18.nc,1991-06-30,278.6626711843153,266.89875899181715
OBS_monthly_T2MAX_1991-01-01-00_1991-12-31-18.nc,1991-07-31,280.2083126637175,267.4575181183504
OBS_monthly_T2MAX_1991-01-01-00_1991-12-31-18.nc,1991-08-31,279.97158307846394,266.85055524298184
OBS_monthly_T2MAX_1991-01-01-00_1991-12-31-18.nc,1991-09-30,274.43646186673504,261.592670977767
OBS_monthly_T2MAX_1991-01-01-00_1991-12-31-18.nc,1991-10-31,268.0897167650846,254.91935371432896
OBS_monthly_T2MAX_1991-01-01-00_1991-12-31-18.nc,1991-11-30,257.1369628255072,247.56319445113502
OBS_monthly_T2MAX_1991-01-01-00_1991-12-31-18.nc,1991-12-31,256.08520673204436,246.35670828027298
OBS_monthly_T2MAX_1992-01-01-00_1992-12-31-18.nc,1992-01-31,255.86487122225068,245.60533240374698
OBS_monthly_T2MAX_1992-01-01-00_1992-12-31-18.nc,1992-02-29,258.54106172138796,248.18188264596452
OBS_monthly_T2MAX_1992-01-01-00_1992-12-31-18.nc,1992-03-31,262.15831981878455,250.42236052479967
OBS_monthly_T2MAX_1992-01-01-00_1992-12-31-18.nc,1992-04-30,267.1512184081796,254.78589685883534
OBS_monthly_T2MAX_1992-01-01-00_1992-12-31-18.nc,1992-05-31,273.3701770749604,259.79010373070173
OBS_monthly_T2MAX_1992-01-01-00_1992-12-31-18.nc,1992-06-30,275.8085351142339,263.6764419500615
OBS_monthly_T2MAX_1992-01-01-00_1992-12-31-18.nc,1992-07-31,276.9560321447433,265.8083887892098
OBS_monthly_T2MAX_1992-01-01-00_1992-12-31-18.nc,1992-08-31,276.3527083784126,264.16274576028144
OBS_monthly_T2MAX_1992-01-01-00_1992-12-31-18.nc,1992-09-30,274.4171137566023,261.05263091546703
OBS_monthly_T2MAX_1992-01-01-00_1992-12-31-18.nc,1992-10-31,268.42917338105525,255.11498703504552
OBS_monthly_T2MAX_1992-01-01-00_1992-12-31-18.nc,1992-11-30,257.1438750475963,249.8352121453548
OBS_monthly_T2MAX_1992-01-01-00_1992-12-31-18.nc,1992-12-31,253.07111054280756,243.69352112457224
OBS_monthly_T2MAX_1993-01-01-00_1993-12-31-18.nc,1993-01-31,251.49908246604326,241.89112211107388
OBS_monthly_T2MAX_1993-01-01-00_1993-12-31-18.nc,1993-02-28,251.9487944328061,241.79899307179699
OBS_monthly_T2MAX_1993-01-01-00_1993-12-31-18.nc,1993-03-31,259.3084367780677,248.88751924727066
OBS_monthly_T2MAX_1993-01-01-00_1993-12-31-18.nc,1993-04-30,265.5801886411389,254.00904086378102
OBS_monthly_T2MAX_1993-01-01-00_1993-12-31-18.nc,1993-05-31,272.2511740914771,260.2530941704801
OBS_monthly_T2MAX_1993-01-01-00_1993-12-31-18.nc,1993-06-30,275.8624376075178,264.49655458521346
OBS_monthly_T2MAX_1993-01-01-00_1993-12-31-18.nc,1993-07-31,278.31811367227573,267.68100869561505
OBS_monthly_T2MAX_1993-01-01-00_1993-12-31-18.nc,1993-08-31,278.29780396475394,266.74771601554863
OBS_monthly_T2MAX_1993-01-01-00_1993-12-31-18.nc,1993-09-30,272.0616469881542,259.6694406525257
OBS_monthly_T2MAX_1993-01-01-00_1993-12-31-18.nc,1993-10-31,266.9876573876342,254.36831132093798
OBS_monthly_T2MAX_1993-01-01-00_1993-12-31-18.nc,1993-11-30,258.4855237424955,248.10681947831384
OBS_monthly_T2MAX_1993-01-01-00_1993-12-31-18.nc,1993-12-31,254.8369244096221,245.62874550726661
OBS_monthly_T2MAX_1994-01-01-00_1994-12-31-18.nc,1994-01-31,249.20017465541537,238.8847890515064
OBS_monthly_T2MAX_1994-01-01-00_1994-12-31-18.nc,1994-02-28,252.52115311193987,240.89464785669188
OBS_monthly_T2MAX_1994-01-01-00_1994-12-31-18.nc,1994-03-31,262.4245991329681,249.79054202870375
OBS_monthly_T2MAX_1994-01-01-00_1994-12-31-18.nc,1994-04-30,267.6673209061192,254.43689762209362
OBS_monthly_T2MAX_1994-01-01-00_1994-12-31-18.nc,1994-05-31,273.99262904817584,260.38859517081687
OBS_monthly_T2MAX_1994-01-01-00_1994-12-31-18.nc,1994-06-30,278.65795166001783,266.1635759291196
OBS_monthly_T2MAX_1994-01-01-00_1994-12-31-18.nc,1994-07-31,278.64699793374655,266.4433632127196
OBS_monthly_T2MAX_1994-01-01-00_1994-12-31-18.nc,1994-08-31,278.19601721451767,265.4683002213386
OBS_monthly_T2MAX_1994-01-01-00_1994-12-31-18.nc,1994-09-30,275.54708555493426,262.2334194961764
OBS_monthly_T2MAX_1994-01-01-00_1994-12-31-18.nc,1994-10-31,268.67765397710485,257.05977842611145
OBS_monthly_T2MAX_1994-01-01-00_1994-12-31-18.nc,1994-11-30,261.5050296759362,251.03917915917927
OBS_monthly_T2MAX_1994-01-01-00_1994-12-31-18.nc,1994-12-31,256.2176858867494,246.65838267241503
OBS_monthly_T2MAX_1995-01-01-00_1995-12-31-18.nc,1995-01-31,252.9218479062415,243.23842953126197
OBS_monthly_T2MAX_1995-01-01-00_1995-12-31-18.nc,1995-02-28,255.9625509062424,244.38996709036783
OBS_monthly_T2MAX_1995-01-01-00_1995-12-31-18.nc,1995-03-31,261.0774046122126,249.65806016319462
OBS_monthly_T2MAX_1995-01-01-00_1995-12-31-18.nc,1995-04-30,265.00428132122977,253.36527720865126
OBS_monthly_T2MAX_1995-01-01-00_1995-12-31-18.nc,1995-05-31,270.45323027282836,259.4640749668809
OBS_monthly_T2MAX_1995-01-01-00_1995-12-31-18.nc,1995-06-30,277.19347985459416,265.3868115361407
OBS_monthly_T2MAX_1995-01-01-00_1995-12-31-18.nc,1995-07-31,280.0351242729838,267.49902731547786
OBS_monthly_T2MAX_1995-01-01-00_1995-12-31-18.nc,1995-08-31,280.9790035824412,268.64100299909217
OBS_monthly_T2MAX_1995-01-01-00_1995-12-31-18.nc,1995-09-30,273.8065925163738,260.8390919851493
OBS_monthly_T2MAX_1995-01-01-00_1995-12-31-18.nc,1995-10-31,268.0994551988451,255.5417346078137
OBS_monthly_T2MAX_1995-01-01-00_1995-12-31-18.nc,1995-11-30,258.82888809118697,247.34951767263746
OBS_monthly_T2MAX_1995-01-01-00_1995-12-31-18.nc,1995-12-31,253.45437073425313,243.7821752721502
OBS_monthly_T2MAX_1996-01-01-00_1996-12-31-18.nc,1996-01-31,250.5120257669516,238.8515728321842
OBS_monthly_T2MAX_1996-01-01-00_1996-12-31-18.nc,1996-02-29,255.8379233572587,243.5452297892971
OBS_monthly_T2MAX_1996-01-01-00_1996-12-31-18.nc,1996-03-31,257.7793799834183,245.53253248835375
OBS_monthly_T2MAX_1996-01-01-00_1996-12-31-18.nc,1996-04-30,266.2246702533889,252.98861085167454
OBS_monthly_T2MAX_1996-01-01-00_1996-12-31-18.nc,1996-05-31,271.54700868797113,260.41515145575585
OBS_monthly_T2MAX_1996-01-01-00_1996-12-31-18.nc,1996-06-30,277.6903334905292,265.8500229068775
OBS_monthly_T2MAX_1996-01-01-00_1996-12-31-18.nc,1996-07-31,278.355318770761,266.3421179903315
OBS_monthly_T2MAX_1996-01-01-00_1996-12-31-18.nc,1996-08-31,278.92891679684453,266.46174199277607
OBS_monthly_T2MAX_1996-01-01-00_1996-12-31-18.nc,1996-09-30,273.26571875891744,261.4182145789328
OBS_monthly_T2MAX_1996-01-01-00_1996-12-31-18.nc,1996-10-31,268.0725657698714,255.38206003607394
OBS_monthly_T2MAX_1996-01-01-00_1996-12-31-18.nc,1996-11-30,256.21416247517993,247.15249295417323
OBS_monthly_T2MAX_1996-01-01-00_1996-12-31-18.nc,1996-12-31,252.81745106228888,243.04104839976716
OBS_monthly_T2MAX_1997-01-01-00_1997-12-31-18.nc,1997-01-31,250.87684150946131,240.1280471502306
OBS_monthly_T2MAX_1997-01-01-00_1997-12-31-18.nc,1997-02-28,255.1995327054642,245.39994926743688
OBS_monthly_T2MAX_1997-01-01-00_1997-12-31-18.nc,1997-03-31,261.55913468386,248.80769626814305
OBS_monthly_T2MAX_1997-01-01-00_1997-12-31-18.nc,1997-04-30,264.53306033479794,252.48825496889214
OBS_monthly_T2MAX_1997-01-01-00_1997-12-31-18.nc,1997-05-31,270.9414711172654,258.11877662548585
OBS_monthly_T2MAX_1997-01-01-00_1997-12-31-18.nc,1997-06-30,277.6685383926666,265.60057658358613
OBS_monthly_T2MAX_1997-01-01-00_1997-12-31-18.nc,1997-07-31,279.4467606521254,267.3515931322253
OBS_monthly_T2MAX_1997-01-01-00_1997-12-31-18.nc,1997-08-31,277.8813524898366,266.1244669167102
OBS_monthly_T2MAX_1997-01-01-00_1997-12-31-18.nc,1997-09-30,275.2944925888173,262.4580129438265
OBS_monthly_T2MAX_1997-01-01-00_1997-12-31-18.nc,1997-10-31,268.5619144105984,256.0607883394893
OBS_monthly_T2MAX_1997-01-01-00_1997-12-31-18.nc,1997-11-30,258.05413133662745,248.72279569248013
OBS_monthly_T2MAX_1997-01-01-00_1997-12-31-18.nc,1997-12-31,254.91321525553826,247.00334002725987
OBS_monthly_T2MAX_1998-01-01-00_1998-12-31-18.nc,1998-01-31,254.09651979649456,244.96563560257127
OBS_monthly_T2MAX_1998-01-01-00_1998-12-31-18.nc,1998-02-28,258.261683008473,249.7626638193879
OBS_monthly_T2MAX_1998-01-01-00_1998-12-31-18.nc,1998-03-31,258.2769611923247,248.7134445997483
OBS_monthly_T2MAX_1998-01-01-00_1998-12-31-18.nc,1998-04-30,267.7988929760896,255.20334316733738
OBS_monthly_T2MAX_1998-01-01-00_1998-12-31-18.nc,1998-05-31,275.18300511857876,262.1813063486768
OBS_monthly_T2MAX_1998-01-01-00_1998-12-31-18.nc,1998-06-30,276.36507716910074,264.7761986795815
OBS_monthly_T2MAX_1998-01-01-00_1998-12-31-18.nc,1998-07-31,279.77004565640476,268.1054264543824
OBS_monthly_T2MAX_1998-01-01-00_1998-12-31-18.nc,1998-08-31,279.73986041584806,267.52273518615647
OBS_monthly_T2MAX_1998-01-01-00_1998-12-31-18.nc,1998-09-30,277.89863243788284,263.9454492660274
OBS_monthly_T2MAX_1998-01-01-00_1998-12-31-18.nc,1998-10-31,268.66838459079327,257.06103139423357
OBS_monthly_T2MAX_1998-01-01-00_1998-12-31-18.nc,1998-11-30,261.78916319897473,251.9246144306975
OBS_monthly_T2MAX_1998-01-01-00_1998-12-31-18.nc,1998-12-31,256.0633326147801,245.13191187425798
OBS_monthly_T2MAX_1999-01-01-00_1999-12-31-18.nc,1999-01-31,252.85437510657925,242.4705854424553
OBS_monthly_T2MAX_1999-01-01-00_1999-12-31-18.nc,1999-02-28,259.26707156282754,247.95298717246158
OBS_monthly_T2MAX_1999-01-01-00_1999-12-31-18.nc,1999-03-31,261.1978824449466,249.26215238572016
OBS_monthly_T2MAX_1999-01-01-00_1999-12-31-18.nc,1999-04-30,266.964389220421,255.63320363680222
OBS_monthly_T2MAX_1999-01-01-00_1999-12-31-18.nc,1999-05-31,272.7408868262519,260.79088712622104
OBS_monthly_T2MAX_1999-01-01-00_1999-12-31-18.nc,1999-06-30,276.62865142433157,265.3012460654043
OBS_monthly_T2MAX_1999-01-01-00_1999-12-31-18.nc,1999-07-31,280.9067460525206,268.86446291595513
OBS_monthly_T2MAX_1999-01-01-00_1999-12-31-18.nc,1999-08-31,279.0408670391849,266.14111018927645
OBS_monthly_T2MAX_1999-01-01-00_1999-12-31-18.nc,1999-09-30,273.97782187713136,260.2918275098396
OBS_monthly_T2MAX_1999-01-01-00_1999-12-31-18.nc,1999-10-31,269.31999716475497,254.93458666939202
OBS_monthly_T2MAX_1999-01-01-00_1999-12-31-18.nc,1999-11-30,265.67280197780264,251.77595653463513
OBS_monthly_T2MAX_1999-01-01-00_1999-12-31-18.nc,1999-12-31,257.01472160641487,246.2344446263205
OBS_monthly_T2MAX_2000-01-01-00_2000-12-31-18.nc,2000-01-31,254.0869876957385,242.60415460561578
OBS_monthly_T2MAX_2000-01-01-00_2000-12-31-18.nc,2000-02-29,259.36101563307534,247.41750135893037
OBS_monthly_T2MAX_2000-01-01-00_2000-12-31-18.nc,2000-03-31,263.6409639654384,251.40130674386702
OBS_monthly_T2MAX_2000-01-01-00_2000-12-31-18.nc,2000-04-30,267.64991764441453,254.08154042768663
OBS_monthly_T2MAX_2000-01-01-00_2000-12-31-18.nc,2000-05-31,274.1323985938781,261.4373211864514
OBS_monthly_T2MAX_2000-01-01-00_2000-12-31-18.nc,2000-06-30,276.4578904370465,264.3332367845145
OBS_monthly_T2MAX_2000-01-01-00_2000-12-31-18.nc,2000-07-31,279.49618990073964,267.6509379032847
OBS_monthly_T2MAX_2000-01-01-00_2000-12-31-18.nc,2000-08-31,280.40313476067513,267.45723269875054
OBS_monthly_T2MAX_2000-01-01-00_2000-12-31-18.nc,2000-09-30,275.7296197287872,261.4368815601115
OBS_monthly_T2MAX_2000-01-01-00_2000-12-31-18.nc,2000-10-31,269.74962108819705,257.1857405890914
OBS_monthly_T2MAX_2000-01-01-00_2000-12-31-18.nc,2000-11-30,257.04928138163467,247.66417607174415
OBS_monthly_T2MAX_2000-01-01-00_2000-12-31-18.nc,2000-12-31,248.80844855854255,238.8214770029865
OBS_monthly_T2MAX_2001-01-01-00_2001-12-31-18.nc,2001-01-31,253.8719264227185,243.64858261873204
OBS_monthly_T2MAX_2001-01-01-00_2001-12-31-18.nc,2001-02-28,252.55562883052386,242.0191636243217
OBS_monthly_T2MAX_2001-01-01-00_2001-12-31-18.nc,2001-03-31,258.9306502430848,248.38083617396674
OBS_monthly_T2MAX_2001-01-01-00_2001-12-31-18.nc,2001-04-30,269.1404660578625,256.44232785168964
OBS_monthly_T2MAX_2001-01-01-00_2001-12-31-18.nc,2001-05-31,273.07443061625276,261.03579553251984
OBS_monthly_T2MAX_2001-01-01-00_2001-12-31-18.nc,2001-06-30,277.24485678445365,265.1806976381748
OBS_monthly_T2MAX_2001-01-01-00_2001-12-31-18.nc,2001-07-31,280.78786571384234,268.60224260332143
OBS_monthly_T2MAX_2001-01-01-00_2001-12-31-18.nc,2001-08-31,280.1722558024984,267.10151360819674
OBS_monthly_T2MAX_2001-01-01-00_2001-12-31-18.nc,2001-09-30,274.5781621813068,261.5797395375362
OBS_monthly_T2MAX_2001-01-01-00_2001-12-31-18.nc,2001-10-31,268.29581402411054,255.37056760178552
OBS_monthly_T2MAX_2001-01-01-00_2001-12-31-18.nc,2001-11-30,264.9383325126466,252.67784979140518
OBS_monthly_T2MAX_2001-01-01-00_2001-12-31-18.nc,2001-12-31,256.6102212117865,246.3988226835603
OBS_monthly_T2MAX_2002-01-01-00_2002-12-31-18.nc,2002-01-31,256.30866005754405,245.17173537842234
OBS_monthly_T2MAX_2002-01-01-00_2002-12-31-18.nc,2002-02-28,257.84219670823626,245.69414739300572
OBS_monthly_T2MAX_2002-01-01-00_2002-12-31-18.nc,2002-03-31,257.8173350604363,245.88044210602376
OBS_monthly_T2MAX_2002-01-01-00_2002-12-31-18.nc,2002-04-30,267.6680061266218,255.14167444726684
OBS_monthly_T2MAX_2002-01-01-00_2002-12-31-18.nc,2002-05-31,271.50077606677854,258.64557873589416
OBS_monthly_T2MAX_2002-01-01-00_2002-12-31-18.nc,2002-06-30,279.0132621718115,266.56351457475444
OBS_monthly_T2MAX_2002-01-01-00_2002-12-31-18.nc,2002-07-31,281.58234719917516,268.8715384514291
OBS_monthly_T2MAX_2002-01-01-00_2002-12-31-18.nc,2002-08-31,279.13984211605714,266.9022701346789
OBS_monthly_T2MAX_2002-01-01-00_2002-12-31-18.nc,2002-09-30,276.1714261476373,263.0040625110349
OBS_monthly_T2MAX_2002-01-01-00_2002-12-31-18.nc,2002-10-31,263.79934500350953,253.86542104820256
OBS_monthly_T2MAX_2002-01-01-00_2002-12-31-18.nc,2002-11-30,260.0841789455118,249.2806534075309
OBS_monthly_T2MAX_2002-01-01-00_2002-12-31-18.nc,2002-12-31,256.40243971222975,245.98494728494308
OBS_monthly_T2MAX_2003-01-01-00_2003-12-31-18.nc,2003-01-31,252.81107668272244,242.01697208745185
OBS_monthly_T2MAX_2003-01-01-00_2003-12-31-18.nc,2003-02-28,252.72339611786242,241.75197948519983
OBS_monthly_T2MAX_2003-01-01-00_2003-12-31-18.nc,2003-03-31,261.1990015087788,248.60330951722472
OBS_monthly_T2MAX_2003-01-01-00_2003-12-31-18.nc,2003-04-30,268.12274362382914,255.56213984689558
OBS_monthly_T2MAX_2003-01-01-00_2003-12-31-18.nc,2003-05-31,271.9511229223646,259.97859858002744
OBS_monthly_T2MAX_2003-01-01-00_2003-12-31-18.nc,2003-06-30,276.0061601981934,264.17458756619163
OBS_monthly_T2MAX_2003-01-01-00_2003-12-31-18.nc,2003-07-31,280.7392002969876,267.7130320992718
OBS_monthly_T2MAX_2003-01-01-00_2003-12-31-18.nc,2003-08-31,280.73383940953596,267.65506029224645
OBS_monthly_T2MAX_2003-01-01-00_2003-12-31-18.nc,2003-09-30,273.9184882043132,260.7516490481451
OBS_monthly_T2MAX_2003-01-01-00_2003-12-31-18.nc,2003-10-31,269.9121708754994,256.15407433113654
OBS_monthly_T2MAX_2003-01-01-00_2003-12-31-18.nc,2003-11-30,259.70046585018116,249.39997682489135
OBS_monthly_T2MAX_2003-01-01-00_2003-12-31-18.nc,2003-12-31,255.84051546819907,246.32796195148617
OBS_monthly_T2MAX_2004-01-01-00_2004-12-31-18.nc,2004-01-31,251.5118343608167,240.83864229404924
OBS_monthly_T2MAX_2004-01-01-00_2004-12-31-18.nc,2004-02-29,255.06482134300398,244.3733238500325
OBS_monthly_T2MAX_2004-01-01-00_2004-12-31-18.nc,2004-03-31,262.7769080362084,251.26102948903375
OBS_monthly_T2MAX_2004-01-01-00_2004-12-31-18.nc,2004-04-30,268.2818793215708,255.00408670476216
OBS_monthly_T2MAX_2004-01-01-00_2004-12-31-18.nc,2004-05-31,273.01334694544823,260.72126603475346
OBS_monthly_T2MAX_2004-01-01-00_2004-12-31-18.nc,2004-06-30,275.88221149765536,264.0608164939234
OBS_monthly_T2MAX_2004-01-01-00_2004-12-31-18.nc,2004-07-31,278.3137754513674,266.6160627391919
OBS_monthly_T2MAX_2004-01-01-00_2004-12-31-18.nc,2004-08-31,276.4564707171416,264.16734058602356
OBS_monthly_T2MAX_2004-01-01-00_2004-12-31-18.nc,2004-09-30,276.104619429041,262.717426350354
OBS_monthly_T2MAX_2004-01-01-00_2004-12-31-18.nc,2004-10-31,268.35441766475293,256.8260818584563
OBS_monthly_T2MAX_2004-01-01-00_2004-12-31-18.nc,2004-11-30,261.39945739518936,251.43102422964876
OBS_monthly_T2MAX_2004-01-01-00_2004-12-31-18.nc,2004-12-31,256.0111628931521,245.171080834739
OBS_monthly_T2MAX_2005-01-01-00_2005-12-31-18.nc,2005-01-31,252.122295514575,242.62559989728808
OBS_monthly_T2MAX_2005-01-01-00_2005-12-31-18.nc,2005-02-28,257.4886185060137,246.74527150488552
OBS_monthly_T2MAX_2005-01-01-00_2005-12-31-18.nc,2005-03-31,260.8068317988831,248.59019308178839
OBS_monthly_T2MAX_2005-01-01-00_2005-12-31-18.nc,2005-04-30,268.5175025750834,255.61406148177994
OBS_monthly_T2MAX_2005-01-01-00_2005-12-31-18.nc,2005-05-31,271.96786769408317,259.5158817175852
OBS_monthly_T2MAX_2005-01-01-00_2005-12-31-18.nc,2005-06-30,278.26018133830746,266.5984885643619
OBS_monthly_T2MAX_2005-01-01-00_2005-12-31-18.nc,2005-07-31,280.78594814692417,267.84390142396916
OBS_monthly_T2MAX_2005-01-01-00_2005-12-31-18.nc,2005-08-31,279.12378145135204,266.7511954225968
OBS_monthly_T2MAX_2005-01-01-00_2005-12-31-18.nc,2005-09-30,277.149394240573,263.29877025318604
OBS_monthly_T2MAX_2005-01-01-00_2005-12-31-18.nc,2005-10-31,268.9002589708917,256.47795779059504
OBS_monthly_T2MAX_2005-01-01-00_2005-12-31-18.nc,2005-11-30,262.1873086136372,250.51180499279428
OBS_monthly_T2MAX_2005-01-01-00_2005-12-31-18.nc,2005-12-31,253.1350488114167,244.25276170643556
OBS_monthly_T2MAX_2006-01-01-00_2006-12-31-18.nc,2006-01-31,258.82960251351966,248.4118632603964
OBS_monthly_T2MAX_2006-01-01-00_2006-12-31-18.nc,2006-02-28,255.39488204630578,243.31621289946673
OBS_monthly_T2MAX_2006-01-01-00_2006-12-31-18.nc,2006-03-31,260.60901864276354,249.7149048878953
OBS_monthly_T2MAX_2006-01-01-00_2006-12-31-18.nc,2006-04-30,270.4312257526098,256.692637528495
OBS_monthly_T2MAX_2006-01-01-00_2006-12-31-18.nc,2006-05-31,273.5034551653911,261.0015057483597
OBS_monthly_T2MAX_2006-01-01-00_2006-12-31-18.nc,2006-06-30,278.5044743005184,265.4036972324596
OBS_monthly_T2MAX_2006-01-01-00_2006-12-31-18.nc,2006-07-31,281.90945240055504,268.77146159379936
OBS_monthly_T2MAX_2006-01-01-00_2006-12-31-18.nc,2006-08-31,279.2144305443673,267.11756081430997
OBS_monthly_T2MAX_2006-01-01-00_2006-12-31-18.nc,2006-09-30,272.86915760138544,260.5642487141699
OBS_monthly_T2MAX_2006-01-01-00_2006-12-31-18.nc,2006-10-31,266.2189597508458,254.3261489827586
OBS_monthly_T2MAX_2006-01-01-00_2006-12-31-18.nc,2006-11-30,261.71599182637567,250.0955947380167
OBS_monthly_T2MAX_2006-01-01-00_2006-12-31-18.nc,2006-12-31,257.2271937408655,246.92498011029053
OBS_monthly_T2MAX_2007-01-01-00_2007-12-31-18.nc,2007-01-31,252.5163545269718,242.88992687103251
OBS_monthly_T2MAX_2007-01-01-00_2007-12-31-18.nc,2007-02-28,251.66950121579967,241.49118478052532
OBS_monthly_T2MAX_2007-01-01-00_2007-12-31-18.nc,2007-03-31,264.398894547851,252.29963828400716
OBS_monthly_T2MAX_2007-01-01-00_2007-12-31-18.nc,2007-04-30,266.2344579530404,253.88173422134886
OBS_monthly_T2MAX_2007-01-01-00_2007-12-31-18.nc,2007-05-31,274.12300882341975,261.85377966230936
OBS_monthly_T2MAX_2007-01-01-00_2007-12-31-18.nc,2007-06-30,277.89702474942476,265.6829057249576
OBS_monthly_T2MAX_2007-01-01-00_2007-12-31-18.nc,2007-07-31,280.4555196566509,267.78883630669367
OBS_monthly_T2MAX_2007-01-01-00_2007-12-31-18.nc,2007-08-31,280.12824746928027,267.89258363655614
OBS_monthly_T2MAX_2007-01-01-00_2007-12-31-18.nc,2007-09-30,275.99455277623673,262.648053943037
OBS_monthly_T2MAX_2007-01-01-00_2007-12-31-18.nc,2007-10-31,269.7612614291579,257.69811377826085
OBS_monthly_T2MAX_2007-01-01-00_2007-12-31-18.nc,2007-11-30,260.97102012569013,249.29156442266105
OBS_monthly_T2MAX_2007-01-01-00_2007-12-31-18.nc,2007-12-31,252.9640415250855,243.5330885214968
OBS_monthly_T2MAX_2008-01-01-00_2008-12-31-18.nc,2008-01-31,252.4500000116633,241.39890433633963
OBS_monthly_T2MAX_2008-01-01-00_2008-12-31-18.nc,2008-02-29,253.74526889680973,242.4852111401808
OBS_monthly_T2MAX_2008-01-01-00_2008-12-31-18.nc,2008-03-31,259.8668178763877,248.08474527249422
OBS_monthly_T2MAX_2008-01-01-00_2008-12-31-18.nc,2008-04-30,266.5066430441286,253.60993396138335
OBS_monthly_T2MAX_2008-01-01-00_2008-12-31-18.nc,2008-05-31,271.6196743291132,259.09463616320187
OBS_monthly_T2MAX_2008-01-01-00_2008-12-31-18.nc,2008-06-30,277.0097545940082,264.95953526840736
OBS_monthly_T2MAX_2008-01-01-00_2008-12-31-18.nc,2008-07-31,279.93217107666305,267.5644846043773
OBS_monthly_T2MAX_2008-01-01-00_2008-12-31-18.nc,2008-08-31,278.6353217432091,266.0862696427454
OBS_monthly_T2MAX_2008-01-01-00_2008-12-31-18.nc,2008-09-30,274.1534681637444,261.85173418960755
OBS_monthly_T2MAX_2008-01-01-00_2008-12-31-18.nc,2008-10-31,268.0510545330691,255.70791716392878
OBS_monthly_T2MAX_2008-01-01-00_2008-12-31-18.nc,2008-11-30,259.91541796828096,250.06993441618502
OBS_monthly_T2MAX_2008-01-01-00_2008-12-31-18.nc,2008-12-31,252.22071879750015,240.99015343200935
OBS_monthly_T2MAX_2009-01-01-00_2009-12-31-18.nc,2009-01-31,251.95875320825775,240.07391598090294
OBS_monthly_T2MAX_2009-01-01-00_2009-12-31-18.nc,2009-02-28,255.87435842974278,244.36738390429466
OBS_monthly_T2MAX_2009-01-01-00_2009-12-31-18.nc,2009-03-31,261.1768939906707,248.80297659843407
OBS_monthly_T2MAX_2009-01-01-00_2009-12-31-18.nc,2009-04-30,266.412042809616,254.4888325161108
OBS_monthly_T2MAX_2009-01-01-00_2009-12-31-18.nc,2009-05-31,272.57437162921053,259.9023794574184
OBS_monthly_T2MAX_2009-01-01-00_2009-12-31-18.nc,2009-06-30,276.45920427962324,265.1519973778521
OBS_monthly_T2MAX_2009-01-01-00_2009-12-31-18.nc,2009-07-31,277.39228790520366,265.6160901641708
OBS_monthly_T2MAX_2009-01-01-00_2009-12-31-18.nc,2009-08-31,277.29255637668234,265.36114878881045
OBS_monthly_T2MAX_2009-01-01-00_2009-12-31-18.nc,2009-09-30,274.8646163234021,262.57089025827844
OBS_monthly_T2MAX_2009-01-01-00_2009-12-31-18.nc,2009-10-31,263.1011562242588,254.32440237718058
OBS_monthly_T2MAX_2009-01-01-00_2009-12-31-18.nc,2009-11-30,263.79099368110167,252.20289258770094
OBS_monthly_T2MAX_2009-01-01-00_2009-12-31-18.nc,2009-12-31,250.83071861777728,242.28804773263138
OBS_monthly_T2MAX_2010-01-01-00_2010-12-31-18.nc,2010-01-31,250.79975250459307,241.67239514492312
OBS_monthly_T2MAX_2010-01-01-00_2010-12-31-18.nc,2010-02-28,252.1386798770931,242.27268423760222
OBS_monthly_T2MAX_2010-01-01-00_2010-12-31-18.nc,2010-03-31,262.18896734261534,251.01427827054584
OBS_monthly_T2MAX_2010-01-01-00_2010-12-31-18.nc,2010-04-30,269.8437405553314,256.5181951159956
OBS_monthly_T2MAX_2010-01-01-00_2010-12-31-18.nc,2010-05-31,272.2704115098192,260.5681906745547
OBS_monthly_T2MAX_2010-01-01-00_2010-12-31-18.nc,2010-06-30,277.68751188450483,266.4456985995584
OBS_monthly_T2MAX_2010-01-01-00_2010-12-31-18.nc,2010-07-31,280.07342139144674,268.6003529601333
OBS_monthly_T2MAX_2010-01-01-00_2010-12-31-18.nc,2010-08-31,280.4875934276147,267.8180313493565
OBS_monthly_T2MAX_2010-01-01-00_2010-12-31-18.nc,2010-09-30,274.6642457717881,261.59228521198503
OBS_monthly_T2MAX_2010-01-01-00_2010-12-31-18.nc,2010-10-31,270.48254073997833,256.0300086317554
OBS_monthly_T2MAX_2010-01-01-00_2010-12-31-18.nc,2010-11-30,260.95824438803277,249.24198229429638
OBS_monthly_T2MAX_2010-01-01-00_2010-12-31-18.nc,2010-12-31,252.34039361751928,242.77983660160442
OBS_monthly_T2MAX_2011-01-01-00_2011-12-31-18.nc,2011-01-31,252.01433268529536,241.56936379090158
OBS_monthly_T2MAX_2011-01-01-00_2011-12-31-18.nc,2011-02-28,254.91225739869776,242.992508615171
OBS_monthly_T2MAX_2011-01-01-00_2011-12-31-18.nc,2011-03-31,260.86740395649326,249.07296110731446
OBS_monthly_T2MAX_2011-01-01-00_2011-12-31-18.nc,2011-04-30,267.98796464117225,254.80341011824112
OBS_monthly_T2MAX_2011-01-01-00_2011-12-31-18.nc,2011-05-31,272.25385729753486,259.3439555045231
OBS_monthly_T2MAX_2011-01-01-00_2011-12-31-18.nc,2011-06-30,279.07126215917305,265.5045656844812
OBS_monthly_T2MAX_2011-01-01-00_2011-12-31-18.nc,2011-07-31,283.62563863508524,269.9693372511075
OBS_monthly_T2MAX_2011-01-01-00_2011-12-31-18.nc,2011-08-31,282.17608230613286,267.5696247538937
OBS_monthly_T2MAX_2011-01-01-00_2011-12-31-18.nc,2011-09-30,275.5737784868637,261.1298799325868
OBS_monthly_T2MAX_2011-01-01-00_2011-12-31-18.nc,2011-10-31,270.62321584839106,256.6195042620835
OBS_monthly_T2MAX_2011-01-01-00_2011-12-31-18.nc,2011-11-30,262.74326219723025,250.66358448551244
OBS_monthly_T2MAX_2011-01-01-00_2011-12-31-18.nc,2011-12-31,256.92926474867,246.7786092209103
OBS_monthly_T2MAX_2012-01-01-00_2012-12-31-18.nc,2012-01-31,257.3957302063809,245.9954960753356
OBS_monthly_T2MAX_2012-01-01-00_2012-12-31-18.nc,2012-02-29,257.5634192191247,246.73026104550593
OBS_monthly_T2MAX_2012-01-01-00_2012-12-31-18.nc,2012-03-31,268.792235889528,255.42561388214313
OBS_monthly_T2MAX_2012-01-01-00_2012-12-31-18.nc,2012-04-30,270.1695887741307,256.6498432253504
OBS_monthly_T2MAX_2012-01-01-00_2012-12-31-18.nc,2012-05-31,275.76252299606375,261.61606890648335
OBS_monthly_T2MAX_2012-01-01-00_2012-12-31-18.nc,2012-06-30,280.9379893599041,265.5480948875874
OBS_monthly_T2MAX_2012-01-01-00_2012-12-31-18.nc,2012-07-31,285.8944555018971,270.23077979320396
OBS_monthly_T2MAX_2012-01-01-00_2012-12-31-18.nc,2012-08-31,281.75171858322733,266.1381960211627
OBS_monthly_T2MAX_2012-01-01-00_2012-12-31-18.nc,2012-09-30,277.30594326819664,261.66597075536447
OBS_monthly_T2MAX_2012-01-01-00_2012-12-31-18.nc,2012-10-31,268.5060986570057,255.33949761993898
OBS_monthly_T2MAX_2012-01-01-00_2012-12-31-18.nc,2012-11-30,263.2023172221989,250.7711556216562
OBS_monthly_T2MAX_2012-01-01-00_2012-12-31-18.nc,2012-12-31,257.52716545473464,246.63357264405116
OBS_monthly_T2MAX_2013-01-01-00_2013-12-31-18.nc,2013-01-31,254.88888604847395,243.7250654266001
OBS_monthly_T2MAX_2013-01-01-00_2013-12-31-18.nc,2013-02-28,255.89318788267659,244.93651905131063
OBS_monthly_T2MAX_2013-01-01-00_2013-12-31-18.nc,2013-03-31,258.5059826855916,247.25030560133564
OBS_monthly_T2MAX_2013-01-01-00_2013-12-31-18.nc,2013-04-30,264.9532640378064,252.23758583452417
OBS_monthly_T2MAX_2013-01-01-00_2013-12-31-18.nc,2013-05-31,273.007845545421,260.1237326675208
OBS_monthly_T2MAX_2013-01-01-00_2013-12-31-18.nc,2013-06-30,278.30163342574065,265.3637920440409
OBS_monthly_T2MAX_2013-01-01-00_2013-12-31-18.nc,2013-07-31,280.46909853628875,266.97521847974645
OBS_monthly_T2MAX_2013-01-01-00_2013-12-31-18.nc,2013-08-31,281.2908375073508,267.0362413263068
OBS_monthly_T2MAX_2013-01-01-00_2013-12-31-18.nc,2013-09-30,278.4463814759761,263.66836869358116
OBS_monthly_T2MAX_2013-01-01-00_2013-12-31-18.nc,2013-10-31,268.4683322024815,256.05959403491175
OBS_monthly_T2MAX_2013-01-01-00_2013-12-31-18.nc,2013-11-30,260.1367597761977,248.91950223300555
OBS_monthly_T2MAX_2013-01-01-00_2013-12-31-18.nc,2013-12-31,252.9708168009458,242.48840306551338
OBS_monthly_T2MAX_2014-01-01-00_2014-12-31-18.nc,2014-01-31,251.71207596119945,239.35074982724822
OBS_monthly_T2MAX_2014-01-01-00_2014-12-31-18.nc,2014-02-28,250.82211149444916,239.22467106906058
OBS_monthly_T2MAX_2014-01-01-00_2014-12-31-18.nc,2014-03-31,258.8674477315109,245.8353191770752
OBS_monthly_T2MAX_2014-01-01-00_2014-12-31-18.nc,2014-04-30,266.5514549062851,253.84257624775728
OBS_monthly_T2MAX_2014-01-01-00_2014-12-31-18.nc,2014-05-31,273.02312561536274,260.5576357894376
OBS_monthly_T2MAX_2014-01-01-00_2014-12-31-18.nc,2014-06-30,276.88207829562197,265.7198788840108
OBS_monthly_T2MAX_2014-01-01-00_2014-12-31-18.nc,2014-07-31,278.0021083660675,265.8582413324237
OBS_monthly_T2MAX_2014-01-01-00_2014-12-31-18.nc,2014-08-31,278.5665423782935,267.004539703237
OBS_monthly_T2MAX_2014-01-01-00_2014-12-31-18.nc,2014-09-30,274.38318904862973,261.7677045039042
OBS_monthly_T2MAX_2014-01-01-00_2014-12-31-18.nc,2014-10-31,268.716363473052,256.157656693003
OBS_monthly_T2MAX_2014-01-01-00_2014-12-31-18.nc,2014-11-30,257.0523979449594,246.17945570175843
OBS_monthly_T2MAX_2014-01-01-00_2014-12-31-18.nc,2014-12-31,254.81470671784152,246.6977805439594
OBS_monthly_T2MAX_2015-01-01-00_2015-12-31-18.nc,2015-01-31,253.63072149314422,243.10679540638523
OBS_monthly_T2MAX_2015-01-01-00_2015-12-31-18.nc,2015-02-28,251.55941092340734,239.8407551634119
OBS_monthly_T2MAX_2015-01-01-00_2015-12-31-18.nc,2015-03-31,262.4031705524557,248.89964004438704
OBS_monthly_T2MAX_2015-01-01-00_2015-12-31-18.nc,2015-04-30,268.19972767318495,255.16018484454682
OBS_monthly_T2MAX_2015-01-01-00_2015-12-31-18.nc,2015-05-31,271.55802494112794,260.6226741856539
OBS_monthly_T2MAX_2015-01-01-00_2015-12-31-18.nc,2015-06-30,277.3103313318337,266.2531547813105
OBS_monthly_T2MAX_2015-01-01-00_2015-12-31-18.nc,2015-07-31,279.346481107047,267.7409344231349
OBS_monthly_T2MAX_2015-01-01-00_2015-12-31-18.nc,2015-08-31,278.1693086433675,266.03450715032466
OBS_monthly_T2MAX_2015-01-01-00_2015-12-31-18.nc,2015-09-30,277.1427456585202,264.21562343522857
OBS_monthly_T2MAX_2015-01-01-00_2015-12-31-18.nc,2015-10-31,269.3778193042046,257.1411552578887
OBS_monthly_T2MAX_2015-01-01-00_2015-12-31-18.nc,2015-11-30,262.6887620973012,251.57572373521592
OBS_monthly_T2MAX_2015-01-01-00_2015-12-31-18.nc,2015-12-31,257.3616381874013,248.55626589016944
OBS_monthly_T2MAX_2016-01-01-00_2016-12-31-18.nc,2016-01-31,253.26471635641443,243.63207782871658
OBS_monthly_T2MAX_2016-01-01-00_2016-12-31-18.nc,2016-02-29,257.9180826046797,247.13851757151096
OBS_monthly_T2MAX_2016-01-01-00_2016-12-31-18.nc,2016-03-31,264.59300657375786,252.02137972410415
OBS_monthly_T2MAX_2016-01-01-00_2016-12-31-18.nc,2016-04-30,267.5613385332384,255.4284741478351
OBS_monthly_T2MAX_2016-01-01-00_2016-12-31-18.nc,2016-05-31,272.75320347324475,260.326507012336
OBS_monthly_T2MAX_2016-01-01-00_2016-12-31-18.nc,2016-06-30,279.2858531057218,266.4427214446175
OBS_monthly_T2MAX_2016-01-01-00_2016-12-31-18.nc,2016-07-31,279.9303124757478,268.288081141207
OBS_monthly_T2MAX_2016-01-01-00_2016-12-31-18.nc,2016-08-31,278.83293584169417,267.113493643328
OBS_monthly_T2MAX_2016-01-01-00_2016-12-31-18.nc,2016-09-30,275.5478537196221,263.4378681349567
OBS_monthly_T2MAX_2016-01-01-00_2016-12-31-18.nc,2016-10-31,270.2661074451796,257.70093602070745
OBS_monthly_T2MAX_2016-01-01-00_2016-12-31-18.nc,2016-11-30,264.54543259020716,252.44250799406674
OBS_monthly_T2MAX_2016-01-01-00_2016-12-31-18.nc,2016-12-31,252.96852650161782,243.20309865355858
OBS_monthly_T2MAX_2017-01-01-00_2017-12-31-18.nc,2017-01-31,253.62857094160137,244.58598310328657
OBS_monthly_T2MAX_2017-01-01-00_2017-12-31-18.nc,2017-02-28,260.0020907823651,248.00859514090627
OBS_monthly_T2MAX_2017-01-01-00_2017-12-31-18.nc,2017-03-31,262.01697359763045,250.32662172530445
OBS_monthly_T2MAX_2017-01-01-00_2017-12-31-18.nc,2017-04-30,268.06369487217046,256.12070517984847
OBS_monthly_T2MAX_2017-01-01-00_2017-12-31-18.nc,2017-05-31,272.2489648036637,259.8804916687031
OBS_monthly_T2MAX_2017-01-01-00_2017-12-31-18.nc,2017-06-30,278.2295043251407,265.3584085035839
OBS_monthly_T2MAX_2017-01-01-00_2017-12-31-18.nc,2017-07-31,280.73444667339203,268.08708950216635
OBS_monthly_T2MAX_2017-01-01-00_2017-12-31-18.nc,2017-08-31,277.10393303828704,265.04359130132383
OBS_monthly_T2MAX_2017-01-01-00_2017-12-31-18.nc,2017-09-30,275.7451475613153,262.74134796868293
OBS_monthly_T2MAX_2017-01-01-00_2017-12-31-18.nc,2017-10-31,268.672038938737,256.46887259847057
OBS_monthly_T2MAX_2017-01-01-00_2017-12-31-18.nc,2017-11-30,261.33182264760734,249.8042853417402
OBS_monthly_T2MAX_2017-01-01-00_2017-12-31-18.nc,2017-12-31,254.38425282308708,243.88300001543217
OBS_monthly_T2MAX_2018-01-01-00_2018-12-31-18.nc,2018-01-31,253.29221094397164,241.82008474345082
OBS_monthly_T2MAX_2018-01-01-00_2018-12-31-18.nc,2018-02-28,253.95463132443314,242.21918281897786
OBS_monthly_T2MAX_2018-01-01-00_2018-12-31-18.nc,2018-03-31,260.2140622279324,248.8014895996049
OBS_monthly_T2MAX_2018-01-01-00_2018-12-31-18.nc,2018-04-30,263.7588286865572,251.14356111812782
OBS_monthly_T2MAX_2018-01-01-00_2018-12-31-18.nc,2018-05-31,276.4107620199678,263.4158985089587
OBS_monthly_T2MAX_2018-01-01-00_2018-12-31-18.nc,2018-06-30,278.7977642870636,267.0036775683698
OBS_monthly_T2MAX_2018-01-01-00_2018-12-31-18.nc,2018-07-31,279.7784533525524,267.63155141624696
OBS_monthly_T2MAX_2018-01-01-00_2018-12-31-18.nc,2018-08-31,278.85068484180675,266.73812475986495
OBS_monthly_T2MAX_2018-01-01-00_2018-12-31-18.nc,2018-09-30,274.8211870003726,263.4910299682759
OBS_monthly_T2MAX_2018-01-01-00_2018-12-31-18.nc,2018-10-31,266.05224535220356,255.1723458496015
OBS_monthly_T2MAX_2018-01-01-00_2018-12-31-18.nc,2018-11-30,257.131013993545,247.79533134336847
OBS_monthly_T2MAX_2018-01-01-00_2018-12-31-18.nc,2018-12-31,255.8086536795141,246.27013525311293
OBS_monthly_T2MAX_2019-01-01-00_2019-12-31-18.nc,2019-01-31,252.31096892594016,242.3741473482878
OBS_monthly_T2MAX_2019-01-01-00_2019-12-31-18.nc,2019-02-28,251.28191182229102,241.03932520626168
OBS_monthly_T2MAX_2019-01-01-00_2019-12-31-18.nc,2019-03-31,258.07504570834413,247.05839073966354
OBS_monthly_T2MAX_2019-01-01-00_2019-12-31-18.nc,2019-04-30,267.1875887011534,255.24642014922168
OBS_monthly_T2MAX_2019-01-01-00_2019-12-31-18.nc,2019-05-31,270.6948163747918,259.53345083981696
OBS_monthly_T2MAX_2019-01-01-00_2019-12-31-18.nc,2019-06-30,276.8998264168373,265.0740414442172
OBS_monthly_T2MAX_2019-01-01-00_2019-12-31-18.nc,2019-07-31,279.84958044809747,268.1915776447161
OBS_monthly_T2MAX_2019-01-01-00_2019-12-31-18.nc,2019-08-31,277.98180959168434,266.4342481133713
OBS_monthly_T2MAX_2019-01-01-00_2019-12-31-18.nc,2019-09-30,276.49587683400904,264.8276810031551
OBS_monthly_T2MAX_2019-01-01-00_2019-12-31-18.nc,2019-10-31,265.2219140544429,254.0404661903644
OBS_monthly_T2MAX_2019-01-01-00_2019-12-31-18.nc,2019-11-30,258.5721488155151,248.23139713679797
OBS_monthly_T2MAX_2019-01-01-00_2019-12-31-18.nc,2019-12-31,256.0611667942663,246.02188227068382
OBS_monthly_T2MAX_2020-01-01-00_2020-12-31-18.nc,2020-01-31,254.3554318642049,245.09365264602528
OBS_monthly_T2MAX_2020-01-01-00_2020-12-31-18.nc,2020-02-29,255.6797129865444,244.4225306991324
OBS_monthly_T2MAX_2020-01-01-00_2020-12-31-18.nc,2020-03-31,262.38954498753276,251.47473990700104
OBS_monthly_T2MAX_2020-01-01-00_2020-12-31-18.nc,2020-04-30,266.2819604495022,253.11566650782737
OBS_monthly_T2MAX_2020-01-01-00_2020-12-31-18.nc,2020-05-31,271.48029653451965,260.108826541982
OBS_monthly_T2MAX_2020-01-01-00_2020-12-31-18.nc,2020-06-30,279.1493465320189,266.43480950271044
OBS_monthly_T2MAX_2020-01-01-00_2020-12-31-18.nc,2020-07-31,280.4436409378168,268.49894749574423
OBS_monthly_T2MAX_2020-01-01-00_2020-12-31-18.nc,2020-08-31,279.3250676200902,266.42070585524175
OBS_monthly_T2MAX_2020-01-01-00_2020-12-31-18.nc,2020-09-30,273.9856176450219,260.9494712449613
OBS_monthly_T2MAX_2020-01-01-00_2020-12-31-18.nc,2020-10-31,265.42544836854563,253.46321517578136
OBS_monthly_T2MAX_2020-01-01-00_2020-12-31-18.nc,2020-11-30,263.45255860374425,250.84737776151917
OBS_monthly_T2MAX_2020-01-01-00_2020-12-31-18.nc,2020-12-31,256.565515826331,245.9370424315636
OBS_monthly_T2MAX_2021-01-01-00_2021-12-31-18.nc,2021-01-31,254.52462165502428,245.64867688199607
OBS_monthly_T2MAX_2021-01-01-00_2021-12-31-18.nc,2021-02-28,250.0722861911321,239.75806386894473
OBS_monthly_T2MAX_2021-01-01-00_2021-12-31-18.nc,2021-03-31,263.83056401289804,251.26180934087606
OBS_monthly_T2MAX_2021-01-01-00_2021-12-31-18.nc,2021-04-30,266.6545601539873,254.02237731708604
OBS_monthly_T2MAX_2021-01-01-00_2021-12-31-18.nc,2021-05-31,271.63426533912343,259.74558338581534
OBS_monthly_T2MAX_2021-01-01-00_2021-12-31-18.nc,2021-06-30,279.38078423629264,266.5553291015615
OBS_monthly_T2MAX_2021-01-01-00_2021-12-31-18.nc,2021-07-31,280.0230725722133,267.98485237412143
OBS_monthly_T2MAX_2021-01-01-00_2021-12-31-18.nc,2021-08-31,279.95756212154225,267.2774128995366
OBS_monthly_T2MAX_2021-01-01-00_2021-12-31-18.nc,2021-09-30,277.1330642563318,263.20170998681976
OBS_monthly_T2MAX_2021-01-01-00_2021-12-31-18.nc,2021-10-31,270.1013691703956,258.47541033371306
OBS_monthly_T2MAX_2021-01-01-00_2021-12-31-18.nc,2021-11-30,262.313382951061,250.34288522995053
OBS_monthly_T2MAX_2021-01-01-00_2021-12-31-18.nc,2021-12-31,258.4840721593837,246.82798617701087
OBS_monthly_T2MAX_2022-01-01-00_2022-12-31-18.nc,2022-01-31,252.44097294739714,240.03136365808314
OBS_monthly_T2MAX_2022-01-01-00_2022-12-31-18.nc,2022-02-28,254.32796824934405,241.3200161744382
OBS_monthly_T2MAX_2022-01-01-00_2022-12-31-18.nc,2022-03-31,261.2109575771435,248.68628386680476
OBS_monthly_T2MAX_2022-01-01-00_2022-12-31-18.nc,2022-04-30,264.94972802928527,252.98358411557564
OBS_monthly_T2MAX_2022-01-01-00_2022-12-31-18.nc,2022-05-31,272.69931419981884,260.8734510813744
OBS_monthly_T2MAX_2022-01-01-00_2022-12-31-18.nc,2022-06-30,278.2942651321841,265.6827056244648
OBS_monthly_T2MAX_2022-01-01-00_2022-12-31-18.nc,2022-07-31,280.6130545889351,268.3456393183229
OBS_monthly_T2MAX_2022-01-01-00_2022-12-31-18.nc,2022-08-31,279.5957422280264,267.03843624202375
OBS_monthly_T2MAX_2022-01-01-00_2022-12-31-18.nc,2022-09-30,276.575005247635,262.76176705193234
OBS_monthly_T2MAX_2022-01-01-00_2022-12-31-18.nc,2022-10-31,269.28410973906557,255.21806141538312
OBS_monthly_T2MAX_2022-01-01-00_2022-12-31-18.nc,2022-11-30,260.4159762783591,248.87156513363368
OBS_monthly_T2MAX_2022-01-01-00_2022-12-31-18.nc,2022-12-31,252.77107320265648,243.2446462486811
OBS_monthly_T2MAX_2023-01-01-00_2023-12-31-18.nc,2023-01-31,253.9438240267062,245.18455878292932
OBS_monthly_T2MAX_2023-01-01-00_2023-12-31-18.nc,2023-02-28,256.80869756366906,244.73162285885286
OBS_monthly_T2MAX_2023-01-01-00_2023-12-31-18.nc,2023-03-31,258.62821768169016,247.41533156075675
OBS_monthly_T2MAX_2023-01-01-00_2023-12-31-18.nc,2023-04-30,266.86396432171244,253.83216417075755
OBS_monthly_T2MAX_2023-01-01-00_2023-12-31-18.nc,2023-05-31,274.1749870308449,261.34039751209883
OBS_monthly_T2MAX_2023-01-01-00_2023-12-31-18.nc,2023-06-30,278.208346555175,265.65577027301157
OBS_monthly_T2MAX_2023-01-01-00_2023-12-31-18.nc,2023-07-31,279.36195431618523,267.09723193485445
OBS_monthly_T2MAX_2023-01-01-00_2023-12-31-18.nc,2023-08-31,279.08001213178153,266.7332786937288
OBS_monthly_T2MAX_2023-01-01-00_2023-12-31-18.nc,2023-09-30,276.4717646506229,263.30534874794785
OBS_monthly_T2MAX_2023-01-01-00_2023-12-31-18.nc,2023-10-31,268.47475600880165,256.7868985640079
OBS_monthly_T2MAX_2023-01-01-00_2023-12-31-18.nc,2023-11-30,262.2107094956449,249.763988064826
OBS_monthly_T2MAX_2023-01-01-00_2023-12-31-18.nc,2023-12-31,258.7201943728937,249.22905188559315
OBS_monthly_T2MAX_2024-01-01-00_2024-12-31-18.nc,2024-01-31,251.7553150917658,243.35159893175532
OBS_monthly_T2MAX_2024-01-01-00_2024-12-31-18.nc,2024-02-29,260.81350873082505,248.60232837845697
OBS_monthly_T2MAX_2024-01-01-00_2024-12-31-18.nc,2024-03-31,263.12471351344186,250.40772049039558
OBS_monthly_T2MAX_2024-01-01-00_2024-12-31-18.nc,2024-04-30,268.5535475188001,256.02521398237303
OBS_monthly_T2MAX_2024-01-01-00_2024-12-31-18.nc,2024-05-31,273.64529611175453,261.4277835103069
OBS_monthly_T2MAX_2024-01-01-00_2024-12-31-18.nc,2024-06-30,278.2173242122588,266.3043706652783
OBS_monthly_T2MAX_2024-01-01-00_2024-12-31-18.nc,2024-07-31,279.70843459845867,267.783317624673
OBS_monthly_T2MAX_2024-01-01-00_2024-12-31-18.nc,2024-08-31,278.77060760049744,266.64667601064406
OBS_monthly_T2MAX_2024-01-01-00_2024-12-31-18.nc,2024-09-30,277.494151219243,263.1194457244951
OBS_monthly_T2MAX_2024-01-01-00_2024-12-31-18.nc,2024-10-31,271.67767488321635,256.6818942723146
OBS_monthly_T2MAX_2024-01-01-00_2024-12-31-18.nc,2024-11-30,261.2367191071935,251.4791284190161
OBS_monthly_T2MAX_2024-01-01-00_2024-12-31-18.nc,2024-12-31,256.54294657692566,246.75892520210203
